symbol,sector,market_cap,enterprise_value,debt,fcff,fcff_ev,fcf_yield,implied_growth_8%,implied_growth_9%,implied_growth_10%,fcf_cagr_3y,revenue_cagr_3y,ebit_ev,gross_profitability,accruals,net_issuance,shareholder_yield,excluded
F,Consumer Discretionary,4.9137e+10,1.8649e+10,0,1.05856e+10,0.567626,0.194273,-0.331889,-0.322781,-0.314272,0.216772,0.0378864,-0.383882,0.0540728,-0.0886012,0.0226069,0.0551723,captive finance
IBKR,Financials,3.80865e+10,3.03755e+10,0,1.5915e+10,0.523943,0.417865,-0.315387,-0.305711,-0.296705,0.644275,0.218617,,,-0.0597997,0.0194013,0.00385964,financial
MET,Financials,5.90453e+10,3.21883e+10,4.6e+08,1.613e+10,0.501112,0.263492,-0.306448,-0.296456,-0.287171,0.0941945,0.0399606,0.203925,,-0.015713,-0.0603369,0.0668469,financial
CNC,Health Care,2.99756e+10,1.90236e+10,1.6105e+10,9.46845e+09,0.497721,0.298609,-0.305101,-0.29506,-0.285732,0.053702,0.111158,-0.296474,0.194791,-0.178878,0.000905277,0.00116762,
SYF,Financials,2.26621e+10,2.29011e+10,1.6432e+10,9.694e+09,0.423299,0.427763,-0.274075,-0.262891,-0.252552,0.100415,,,,-0.050652,-0.152834,0.17783,financial
WFC,Financials,2.38412e+11,6.21191e+10,2.5168e+10,1.917e+10,0.308601,0.080407,-0.218913,-0.205604,-0.193366,-0.0955726,0.025729,,,0.00150732,-0.0772919,0.0989757,financial
COF,Financials,1.17133e+11,1.06623e+11,4.5371e+10,2.9701e+10,0.278562,0.253567,-0.202294,-0.188337,-0.175516,0.220711,0.201485,,,-0.031064,0.19341,0.0938509,financial
APA,Energy,1.50406e+10,1.83396e+10,3.743e+09,4.75315e+09,0.259174,0.301052,-0.190894,-0.176493,-0.16327,0.0553748,,0.208293,,-0.158627,-0.029941,0.0236693,
AMP,Financials,4.32259e+10,3.20669e+10,0,8.064e+09,0.251475,0.186555,-0.186197,-0.171613,-0.158226,0.260755,0.0969259,,,-0.0215797,-0.111981,0.0890439,financial
PRU,Financials,3.87021e+10,4.41581e+10,2.0618e+10,1.0969e+10,0.248403,0.283421,-0.184294,-0.169636,-0.156183,0.207969,0.00210876,,,-0.00899874,-0.0282916,0.0761199,financial
MTB,Financials,3.07765e+10,1.79525e+10,4.614e+09,3.804e+09,0.211892,0.123601,-0.160216,-0.14463,-0.130334,0.022182,-0.407285,,,-0.00351636,-0.102505,0.114048,financial
USB,Financials,8.77339e+10,5.85799e+10,3.7337e+10,1.2384e+10,0.211404,0.141154,-0.159873,-0.144274,-0.129966,-0.0523324,,,,-0.00580782,-0.000608623,0.0447376,financial
ALL,Financials,5.63443e+10,5.82913e+10,7.492e+09,1.2249e+10,0.210134,0.217395,-0.158979,-0.143346,-0.129007,0.401144,0.0869223,,,0.0067091,-0.0577859,0.0625972,financial
ACGL,Financials,3.18845e+10,3.07755e+10,0,6.17824e+09,0.200752,0.189904,-0.152243,-0.136352,-0.121779,0.110497,0.177226,,,-0.0165299,-0.107354,0.109113,financial
BAC,Financials,3.72609e+11,4.82727e+11,3.39863e+11,9.4742e+10,0.196264,0.254267,-0.148933,-0.132916,-0.118229,0.285127,0.0641581,,,-0.0174575,-0.0900411,0.0667081,financial
APO,Financials,6.70591e+10,5.23691e+10,1.3727e+10,1.00331e+10,0.191584,0.141263,-0.145418,-0.129267,-0.114458,0.0396077,0.102012,,,-0.0153791,0.000290947,0.0384735,financial
PFG,Financials,2.39255e+10,1.98897e+10,1.82e+07,3.7465e+09,0.188364,0.15659,-0.142959,-0.126715,-0.111821,-0.0321193,0.0311603,,,-0.00656709,-0.0474092,0.0662848,financial
OMC,Communication Services,2.14695e+10,1.72488e+10,6.74e+07,3.24571e+09,0.18817,0.139281,-0.14281,-0.12656,-0.111661,0.548015,0.113355,0.0370054,0.0375305,-0.0622199,0.374396,0.189483,
EOG,Energy,7.40084e+10,7.70274e+10,7.926e+09,1.35713e+10,0.176188,0.180493,-0.133348,-0.116741,-0.101516,-0.00957078,0.0139083,0.115608,,-0.118321,-0.0401179,0.0388199,
CFG,Financials,2.62246e+10,1.46236e+10,1.159e+09,2.501e+09,0.171025,0.0953686,-0.12911,-0.112344,-0.0969741,-0.241181,0.00489901,,,-0.00160369,-0.0358268,0.0573889,financial
HBAN,Financials,3.02651e+10,1.29541e+10,1.875e+09,2.156e+09,0.166434,0.0712373,-0.125253,-0.108342,-0.0928404,-0.0850653,0.0640513,,,-0.0010022,0.313906,0.0307285,financial
MGM,Consumer Discretionary,7.68616e+09,1.12072e+10,6.06844e+09,1.81766e+09,0.162187,0.194447,-0.121605,-0.104558,-0.0889324,0.0810433,0.0621185,0.0907483,,-0.0511216,-0.0911932,0.100649,
WRB,Financials,2.54662e+10,2.28597e+10,0,3.70309e+09,0.161992,0.141478,-0.121436,-0.104383,-0.0887514,0.0986338,0.0860303,,,-0.0366677,-0.075569,0.0437733,financial
FANG,Energy,5.19165e+10,6.40685e+10,1.2614e+10,1.03358e+10,0.161324,0.195371,-0.120854,-0.103779,-0.0881279,0.171791,0.271934,0.0168882,,-0.123558,-0.0423394,0.0608284,
HIG,Financials,3.33768e+10,3.75448e+10,4.371e+09,6.03021e+09,0.160614,0.17596,-0.120234,-0.103136,-0.0874636,0.220541,0.0689993,,,-0.0172192,-0.0602719,0.0701384,financial
AIZ,Financials,1.29509e+10,1.12522e+10,0,1.74479e+09,0.155062,0.127836,-0.115304,-0.0980228,-0.0821835,0.12166,0.0836292,,,-0.0223716,-0.0445741,0.0428231,financial
EXPE,Consumer Discretionary,3.24885e+10,3.08205e+10,5.459e+09,4.73945e+09,0.153776,0.137248,-0.114141,-0.0968169,-0.0809382,0.243142,0.0859331,0.0813419,,-0.109425,-0.0803766,0.0655616,
TRV,Financials,7.46719e+10,7.43509e+10,3e+08,1.13862e+10,0.153142,0.147659,-0.113565,-0.0962194,-0.0803212,0.199736,0.0813004,,,-0.018965,-0.0947324,0.0849181,financial
LULU,Consumer Discretionary,1.02479e+10,8.85817e+09,0,1.35434e+09,0.152891,0.132157,-0.113337,-0.0959826,-0.0800767,0.117969,0.0786973,0.223384,0.733625,-0.0664801,-0.125219,0.112977,
CMCSA,Communication Services,7.73441e+10,1.60047e+11,9.0381e+10,2.392e+10,0.149456,0.264325,-0.110175,-0.0927037,-0.0766907,0.102106,0.0117405,0.114454,,-0.0827729,-0.107889,0.13524,
CINF,Financials,2.46209e+10,2.35879e+10,8.59e+08,3.44187e+09,0.145916,0.138094,-0.106851,-0.0892576,-0.0731326,0.172928,0.142047,,,-0.00208184,-0.0277709,0.044718,financial
IVZ,Financials,1.32119e+10,1.39205e+10,1.624e+09,1.99701e+09,0.143459,0.145377,-0.104503,-0.0868232,-0.0706195,0.256896,0.0627807,-0.0351856,,-0.0843734,-0.0305594,0.042106,financial
COP,Energy,1.52264e+11,1.67862e+11,2.329e+10,2.2854e+10,0.136148,0.143994,-0.0973101,-0.0793666,-0.0629219,0.149629,-0.0172179,,0.316254,-0.101746,-0.0468807,0.0615512,
PGR,Financials,1.21748e+11,1.19577e+11,0,1.61856e+10,0.135357,0.131017,-0.0965122,-0.0785397,-0.0620683,0.288615,0.176558,,,-0.0371743,-0.0109963,0.0669169,financial
TFC,Financials,5.52664e+10,4.28634e+10,2.6885e+10,5.797e+09,0.135244,0.104892,-0.0963971,-0.0784204,-0.0619452,-0.181919,,,,-0.000474801,-0.066024,0.111967,financial
EG,Financials,1.40783e+10,1.53133e+10,2.352e+09,2e+09,0.130605,0.142063,-0.0916312,-0.0734807,-0.0568468,-0.224669,0.0813093,,,-0.00138337,-0.0863313,0.102711,financial
VZ,Communication Services,1.90808e+11,3.54287e+11,1.65231e+11,4.46039e+10,0.125898,0.20334,-0.086641,-0.0683095,-0.05151,0.0114518,0.00952625,0.0805279,,-0.0551628,-0.0174707,0.060967,
PYPL,Financials,4.6584e+10,4.6651e+10,9.409e+09,5.85771e+09,0.125565,0.118131,-0.0862817,-0.0679372,-0.0511258,0.172383,0.0571181,0.129108,,-0.0165247,-0.102175,0.135497,financial
CB,Financials,1.27203e+11,1.26069e+11,1.5e+09,1.5814e+10,0.12544,0.119471,-0.0861467,-0.0677973,-0.0509815,0.118895,0.0940507,,,-0.0141511,-0.0403914,0.044779,financial
GDDY,Information Technology,1.20315e+10,1.46504e+10,3.7744e+09,1.82195e+09,0.124362,0.141536,-0.0849776,-0.0665859,-0.0497313,0.242346,0.0707944,0.0864616,,-0.102356,-0.11024,0.135793,
HPQ,Information Technology,2.8934e+10,3.3925e+10,9.16e+09,4.19226e+09,0.123574,0.134133,-0.084118,-0.0656952,-0.0488123,0.102381,0.0264707,0.0949743,0.257281,-0.048511,-0.0562809,0.0801826,
DECK,Consumer Discretionary,1.06812e+10,9.07865e+09,0,1.12083e+09,0.123458,0.104652,-0.0839899,-0.0655625,-0.0486754,0.235771,0.144325,0.138007,0.825871,-0.0462369,-0.092503,0.115183,
ADBE,Information Technology,9.32251e+10,8.91831e+10,1.597e+09,1.07974e+10,0.12107,0.113617,-0.0813511,-0.0628285,-0.0458543,0.115733,0.112015,0.103955,0.773123,-0.117474,-0.0858759,0.0997049,
EXE,Energy,1.97253e+10,2.36223e+10,4.56e+09,2.85122e+09,0.1207,0.135816,-0.0809386,-0.062401,-0.0454132,0.169229,0.0270463,0.155023,,-0.102533,-0.0383733,0.0682373,
CI,Health Care,7.10252e+10,9.56462e+10,3.1878e+10,1.13956e+10,0.119144,0.144695,-0.0791879,-0.0605878,-0.0435423,-0.0730213,0.149045,0.104102,0.370851,-0.0245795,-0.0147018,0.040901,
RF,Financials,2.24015e+10,1.54755e+10,3e+09,1.778e+09,0.114891,0.0793697,-0.0743018,-0.0555264,-0.0383206,-0.0671126,,0.00342477,,0.00281465,-0.054891,0.0918689,financial
TKO,Communication Services,1.32872e+10,1.7324e+10,4.62922e+09,1.98548e+09,0.114609,0.135102,-0.0739711,-0.0551839,-0.0379672,,,0.0575867,,-0.0962621,-0.965677,0.0833285,
CF,Materials,1.71148e+10,1.78508e+10,3.216e+09,2.04509e+09,0.114566,0.111599,-0.0739208,-0.0551318,-0.0379135,-0.113978,-0.0388543,0.178199,0.217763,-0.0581495,-0.0748469,0.0743215,
INTU,Information Technology,7.46951e+10,7.76591e+10,7.669e+09,8.86524e+09,0.114156,0.115978,-0.0734403,-0.0546341,-0.0374,0.21449,0.14287,0.075767,,-0.116131,-0.0573147,0.0904878,
EQT,Energy,3.07535e+10,3.62963e+10,5.65571e+09,4.06461e+09,0.111984,0.122208,-0.0708674,-0.0519693,-0.0346507,0.128296,0.0109393,0.111563,0.193249,-0.0855387,0.0367858,0.0132518,
ALB,Materials,1.22188e+10,1.24639e+10,1.87678e+09,1.34237e+09,0.107701,0.109861,-0.0656595,-0.0465762,-0.0290878,0.11673,-0.151268,0.0202246,0.0884503,-0.0990972,0.00288588,0.0156036,
BBY,Consumer Discretionary,1.83687e+10,1.72827e+10,1.169e+09,1.80355e+09,0.104356,0.0962504,-0.0614611,-0.0422292,-0.0246043,-0.0114233,-0.0165825,0.0989426,0.594152,-0.074688,-0.0107763,0.051555,
LDOS,Industrials,1.55824e+10,2.08654e+10,6.031e+09,2.163e+09,0.103665,0.138811,-0.0605788,-0.0413152,-0.0236623,0.417145,0.0591386,0.0972904,0.200742,-0.0591095,-0.0352908,0.0427406,
KHC,Consumer Staples,2.62304e+10,4.25504e+10,1.9001e+10,4.35557e+09,0.102363,0.14548,-0.0589015,-0.0395788,-0.0218714,0.187988,-0.0277796,-0.0746644,0.113721,-0.109724,0.000694913,0.0733499,
IT,Information Technology,1.22698e+10,1.37604e+10,2.97928e+09,1.40221e+09,0.101902,0.10505,-0.0583033,-0.0389595,-0.0212328,0.0875178,0.0398493,0.0810437,0.629716,-0.0844164,-0.20296,0.214815,
MPC,Energy,1.15922e+11,1.4097e+11,3.2816e+10,1.41875e+10,0.100642,0.111273,-0.0566553,-0.0372536,-0.0194735,0.00859596,-0.00691388,0.100256,0.203488,-0.0908917,-0.0891169,0.0525786,
FISV,Financials,2.40731e+10,5.13321e+10,2.7886e+10,5.15287e+09,0.100383,0.163087,-0.0563139,-0.0369002,-0.0191091,0.0510782,0.0418341,0.0907814,,-0.0374601,-0.0386105,0,financial
FIS,Financials,1.7106e+10,3.331e+10,1.6948e+10,3.29442e+09,0.0989019,0.164972,-0.0543474,-0.0348645,-0.0170099,-0.0748622,-0.0575456,0.0574903,0.0994423,0.00900104,-0.0178616,0.0932423,financial
ACN,Information Technology,1.35932e+11,1.30903e+11,5.14226e+09,1.27917e+10,0.0977188,0.0925585,-0.0527571,-0.0332183,-0.0153126,0.102836,0.0477749,0.0809167,0.340109,-0.0783696,-0.023859,0.0416911,
SWK,Industrials,1.31626e+10,1.73281e+10,4.7579e+09,1.66064e+09,0.0958349,0.0979365,-0.0501879,-0.0305591,-0.0125708,,-0.0199332,,0.242073,-0.0463185,-0.00469941,0.0590612,
ELV,Health Care,8.27335e+10,7.78265e+10,3.1044e+10,7.42502e+09,0.0954048,0.0760152,-0.049595,-0.0299454,-0.0119381,-0.15895,0.0666667,0.0700661,1.41774,-0.0197804,-0.0403548,0.0509105,
DVA,Health Care,1.12779e+10,2.13701e+10,1.0781e+10,2.03634e+09,0.0952896,0.142739,-0.0494357,-0.0297805,-0.0117681,0.058664,0.0607255,0.0995659,,-0.0759863,-0.192743,0.0791266,
AXP,Financials,2.01978e+11,1.58446e+11,2.032e+09,1.5052e+10,0.0949974,0.0745228,-0.049031,-0.0293617,-0.0113363,0.0057797,0.0608691,,,-0.0228064,-0.0344791,0.048926,financial
XYZ,Financials,4.42772e+10,4.35704e+10,5.72057e+09,4.0844e+09,0.0937424,0.0876713,-0.0472792,-0.0275491,-0.00946751,1.29377,0.0834186,0.026846,0.296479,-0.0945006,-0.0164219,0.0427781,financial
KIM,Real Estate,1.47104e+10,1.53394e+10,1.3282e+09,1.42587e+09,0.0929546,0.0789037,-0.0461688,-0.0263999,-0.00828279,0.0443374,0.0753233,0.0514,,-0.0285546,-0.00637453,0.0597133,
FSLR,Information Technology,1.83322e+10,1.66429e+10,3.7635e+07,1.53061e+09,0.0919681,0.0818297,-0.044766,-0.0249481,-0.00678613,,0.216106,0.108737,0.176809,-0.0306028,-0.000448509,0,
LVS,Consumer Discretionary,2.40135e+10,3.58995e+10,1.5262e+10,3.29945e+09,0.0919079,0.112562,-0.0446799,-0.0248591,-0.00669433,0.817793,0.264578,0.0821181,,-0.100708,-0.0719202,0.144918,
BXP,Real Estate,9.59087e+09,1.79081e+10,8.81116e+09,1.64064e+09,0.0916147,0.11897,-0.0442601,-0.0244246,-0.00624646,0.0163395,0.0318581,,0.0825234,-0.0392341,0.00544224,0.0568575,
CVS,Health Care,1.08655e+11,1.56107e+11,6.141e+10,1.42086e+10,0.0910183,0.108214,-0.0434021,-0.0235367,-0.00533116,-0.12703,0.0696106,0.0530918,0.727732,-0.0389726,0.00703845,0.031439,
BIIB,Health Care,3.34191e+10,2.91364e+10,0,2.64023e+09,0.0906161,0.0725004,-0.0428206,-0.022935,-0.00471088,0.283763,-0.00114122,,0.254434,-0.0413423,0.00636767,0,
HAS,Consumer Discretionary,1.23061e+10,1.49638e+10,3.5382e+09,1.3475e+09,0.0900508,0.0986175,-0.0419993,-0.0220852,-0.00383487,1.08548,0.0197439,0.0776138,0.749801,-0.0818426,0.00529222,0.0320247,
AIG,Financials,3.91333e+10,4.67593e+10,9.191e+09,4.16916e+09,0.0891621,0.0983816,-0.0406983,-0.0207391,-0.0024473,-0.0490496,-0.191448,,,-0.00541404,-0.100095,0.10155,financial
GL,Financials,1.27393e+10,1.52272e+10,2.94325e+09,1.34408e+09,0.0882681,0.0967378,-0.0393774,-0.0193724,-0.00103856,-0.0619493,0.0557674,,,-0.00568329,-0.0744911,0.0762921,financial
CTSH,Information Technology,2.93657e+10,2.84167e+10,5.68e+08,2.49528e+09,0.0878104,0.0841118,-0.0386963,-0.0186676,-0.000312161,0.0450729,0.0334498,0.118909,,-0.0257561,-0.0375468,0.0758368,
TROW,Financials,2.23363e+10,1.9102e+10,0,1.6738e+09,0.0876243,0.0749363,-0.0384185,-0.0183803,-1.59338e-05,0.0902196,0.0664062,0.122249,,0.0188446,-0.0326701,0.0865183,financial
L,Financials,2.13893e+10,2.42193e+10,8.936e+09,2.11439e+09,0.087302,0.0825648,-0.0379359,-0.0178809,0.000498719,-0.194099,0.0768383,,,-0.0101802,-0.0238408,0.0183269,financial
HST,Real Estate,1.5381e+10,1.7418e+10,3.99e+09,1.51723e+09,0.0871068,0.0864701,-0.0376429,-0.0175778,0.000811158,0.0112772,0.0597019,0.0519576,,-0.0436882,-0.0127274,0.047266,
DLTR,Consumer Staples,2.15465e+10,2.34219e+10,2.9335e+09,1.9781e+09,0.0844551,0.091806,-0.0336001,-0.0133955,0.00512169,0.558053,-0.118608,0.0939889,0.502559,-0.107238,-0.102103,0.0850578,
BKNG,Consumer Discretionary,1.20401e+11,1.23367e+11,2.018e+10,1.04104e+10,0.0843852,0.0792268,-0.0334921,-0.0132837,0.00523689,0.139443,0.134489,0.075255,,-0.0892797,-0.0818586,0.098097,
AKAM,Information Technology,1.50328e+10,1.16774e+10,0,9.82286e+08,0.0841188,0.0636013,-0.033079,-0.0128564,0.00567726,0.00548085,0.0569454,0.0390223,0.164765,-0.0687452,-0.0106061,0.0409602,debt not tagged
SJM,Consumer Staples,1.24225e+10,1.89236e+10,6.5443e+09,1.5884e+09,0.0839377,0.127865,-0.0327976,-0.0125652,0.00597732,0.203199,0.0266807,0.0436598,0.218438,-0.103708,,0.0381406,
CAH,Health Care,5.33529e+10,5.73829e+10,8.886e+09,4.79992e+09,0.0836473,0.0848127,-0.0323451,-0.0120972,0.0064597,0.242677,0.0743837,0.0455362,0.170579,-0.060385,-0.0397218,0.0346561,
NEM,Materials,1.2109e+11,1.17164e+11,5.083e+09,9.733e+09,0.0830714,0.080378,-0.0314434,-0.0111644,0.00742095,2.15473,0.320283,,,-0.0699329,-0.0538598,0.0455032,
GM,Consumer Discretionary,6.77393e+10,1.74594e+11,1.31574e+11,1.4398e+10,0.0824655,0.21255,-0.0304884,-0.0101766,0.00843895,0.0809338,0.0301121,0.0103955,,-0.0751675,-0.106441,0.117642,captive finance
DVN,Energy,5.148e+10,6.1918e+10,1.1388e+10,5.09374e+09,0.0822659,0.091181,-0.0301723,-0.0098497,0.00877581,0.0951229,0.0497709,,,-0.0743797,0.547867,0.025,
BMY,Health Care,1.26035e+11,1.58088e+11,4.312e+10,1.28067e+10,0.0810097,0.0907681,-0.0281665,-0.00777506,0.0109137,0.0219047,0.0286698,,0.393774,-0.0399388,0.0023107,0.0404251,
AOS,Industrials,7.68929e+09,8.14549e+09,6.375e+08,6.56148e+08,0.0805536,0.0831547,-0.027431,-0.00701433,0.0116976,0.0622821,0.00597537,0.0817999,0.402908,-0.0526821,-0.0329689,0.0663131,
WEC,Utilities,3.27316e+10,5.33114e+10,2.06298e+10,4.29207e+09,0.0805095,0.109197,-0.0273598,-0.00694065,0.0117735,,0.0299133,0.0434298,0.126278,-0.0356907,0.0112628,0.0366832,
DTE,Utilities,2.529e+10,5.1763e+10,2.6711e+10,4.16321e+09,0.0804283,0.130289,-0.0272283,-0.00680468,0.0119136,0.0821663,,0.0417673,,-0.0368549,0.0049554,0.0350731,
ED,Utilities,3.79309e+10,6.35849e+10,2.5801e+10,5.10712e+09,0.0803197,0.109067,-0.0270523,-0.00662266,0.0121012,,0.0346657,0.0469765,,-0.0265049,0.0187062,0.0314255,
PSX,Energy,1.04617e+11,1.21083e+11,2.0565e+10,9.71263e+09,0.0802144,0.0853109,-0.0268816,-0.00644611,0.0122831,-0.0387356,-0.00553079,,0.243625,-0.0223934,-0.0220793,0.03032,
OXY,Energy,5.70543e+10,6.66473e+10,1.3743e+10,5.312e+09,0.0797031,0.0931043,-0.0260492,-0.00558514,0.0131703,-0.141932,-0.117549,,0.22971,-0.0552652,-0.010709,0.00205068,
VICI,Real Estate,2.49394e+10,4.15825e+10,1.69312e+10,3.30176e+09,0.0794026,0.105787,-0.0255576,-0.00507671,0.0136942,0.0886762,0.0751256,,0.0843149,0.00264014,0.0405986,0.0761788,
T,Communication Services,1.67301e+11,2.93685e+11,1.43954e+11,2.33007e+10,0.0793392,0.105337,-0.0254535,-0.00496911,0.013805,-0.0122528,0.0156649,0.0871784,,-0.0427445,-0.0521196,0.0956838,
KKR,Financials,8.05538e+10,5.93516e+10,0,4.68227e+09,0.0788903,0.0308921,-0.0247153,-0.00420567,0.0145917,,0.241307,,,0.00160085,,0.0112078,financial
UAL,Industrials,3.57058e+10,4.55328e+10,2.6464e+10,3.59154e+09,0.078878,0.0712489,-0.0246951,-0.00418473,0.0146133,0.141582,0.073234,0.107044,,-0.0640542,-0.00802794,0.0021005,
GS,Financials,2.58751e+11,1.4387e+11,7.2385e+10,1.12681e+10,0.0783212,-0.160444,-0.0237737,-0.00323183,0.0155951,,0.131605,,,0.0283554,-0.0890822,0.0777968,financial
TPR,Consumer Discretionary,2.31504e+10,2.4395e+10,2.3966e+09,1.90675e+09,0.0781615,0.0782925,-0.0235083,-0.00295742,0.0158778,0.318359,0.0631511,0.0784752,0.930855,-0.067367,-0.109656,0.0812384,
VLO,Energy,1.16196e+11,1.19671e+11,1.1349e+10,9.33077e+09,0.0779702,0.0764742,-0.0231898,-0.00262797,0.0162173,0.0319473,-0.0391664,0.0836543,0.173159,-0.0571579,-0.0802946,0.0536249,
MKC,Consumer Staples,1.21315e+10,1.54072e+10,3.6069e+09,1.18319e+09,0.0767948,0.0840704,-0.0212161,-0.000586973,0.0183201,0.185399,0.0426507,0.0716354,0.173119,0.0234811,-0.000742666,0.0427482,
DHI,Consumer Discretionary,3.71919e+10,4.22258e+10,7.1126e+09,3.2022e+09,0.0758352,0.0860994,-0.0195834,0.00110134,0.0200596,-0.003617,-0.0121504,,0.206539,-0.00820842,-0.0862617,0.091598,
MO,Consumer Staples,1.11038e+11,1.33248e+11,2.4577e+10,1.00418e+10,0.075362,0.082062,-0.018771,0.00194132,0.020925,0.0203345,-0.0195454,0.0823502,0.44253,-0.0429975,-0.00850164,0.0702192,
APTV,Consumer Discretionary,8.97184e+09,1.35648e+10,5.354e+09,1.01817e+09,0.0750595,0.0850439,-0.0182493,0.00248081,0.0214807,-0.090744,-0.0471783,0.0656845,0.190376,-0.0628473,-0.0492258,0.0801397,
GEN,Information Technology,1.30851e+10,2.06771e+10,8.156e+09,1.548e+09,0.0748654,0.118302,-0.0179134,0.00282815,0.0218386,0.26761,0.060616,0.102384,0.25326,-0.0330478,-0.0415784,0.0696211,
WYNN,Consumer Discretionary,7.96421e+09,1.71155e+10,1.07247e+10,1.28004e+09,0.0747885,0.0994291,-0.0177801,0.00296597,0.0219806,0.401708,0.146894,0.0680895,,-0.0767759,-0.0077978,0.0438702,
FRT,Real Estate,9.16114e+09,1.04108e+10,1.36533e+09,7.78229e+08,0.0747518,0.0685425,-0.0177165,0.00303173,0.0220483,0.0460957,0.0578945,0.0675307,,-0.0133586,-0.0025642,0,
LYB,Materials,1.83356e+10,2.69476e+10,1.2676e+10,2.00302e+09,0.0743301,0.0860619,-0.0169828,0.00379035,0.0228298,-0.212001,-0.101549,0.035736,0.115423,-0.0962531,,0.0727545,
FDX,Industrials,6.7512e+10,7.917e+10,2.4969e+10,5.8823e+09,0.0742996,0.0757791,-0.0169296,0.00384532,0.0228865,0.158424,0.0225372,0.0690034,,-0.0454026,-0.221897,0.0321424,
INCY,Health Care,2.39898e+10,2.05287e+10,0,1.51863e+09,0.0739758,0.063226,-0.0163633,0.00443087,0.0234897,0.292097,0.151272,0.078466,0.675498,-0.0115825,0.00520998,0,
CCL,Consumer Discretionary,3.31446e+10,5.58366e+10,2.3912e+10,4.10583e+09,0.0735329,0.0958224,-0.015585,0.00523552,0.0243186,,0.112575,0.0790341,0.229994,-0.0722764,-0.0417957,0,
BF-B,Consumer Staples,1.19567e+10,1.37387e+10,2.083e+09,1.00637e+09,0.073251,0.0773628,-0.0150873,0.00575017,0.0248488,0.445906,-0.0276826,0.0722778,0.303514,-0.0373163,-0.028839,0.0690828,
CPAY,Financials,2.57494e+10,2.71112e+10,4.52539e+09,1.98433e+09,0.073192,0.0636289,-0.0149829,0.00585809,0.0249599,0.0599318,0.114556,0.0810008,,-0.0250312,-0.0842201,0.070078,financial
CRM,Information Technology,1.90977e+11,2.18862e+11,3.9288e+10,1.59274e+10,0.0727737,0.0793498,-0.0142405,0.00662566,0.0257506,0.260809,0.0993374,0.039911,0.309761,-0.0555373,-0.156058,0.191567,
CMS,Utilities,1.97491e+10,3.85441e+10,1.9036e+10,2.79343e+09,0.0724736,0.108765,-0.0137053,0.00717891,0.0263206,,0.0267909,0.043327,,-0.0274294,0.0472674,0,
ARE,Real Estate,8.06592e+09,2.04083e+10,1.28129e+10,1.47652e+09,0.0723486,0.158624,-0.0134817,0.00741009,0.0265587,-0.0615861,0.0114461,,,-0.0665336,0.0238849,0.0870114,
UNH,Health Care,3.27312e+11,3.69172e+11,7.3328e+10,2.66933e+10,0.0723057,0.0721543,-0.0134049,0.00748954,0.0266405,-0.148073,0.0890266,0.0587151,1.28721,-0.0416334,-0.0137258,0.0297636,
UBER,Industrials,1.37883e+11,1.45215e+11,1.2723e+10,1.0481e+10,0.0721756,0.0733665,-0.0131717,0.00773056,0.0268888,0.796749,0.164167,0.0461385,,-0.0128418,-0.0398633,0.0500714,
AVY,Materials,1.28946e+10,1.63455e+10,3.6782e+09,1.17528e+09,0.0719024,0.0824454,-0.0126807,0.00823816,0.0274117,0.311843,0.0285769,,0.290905,-0.0573907,-0.0326058,0.0546353,
SCHW,Financials,1.6797e+11,1.50059e+11,2.2669e+10,1.0789e+10,0.0718982,0.0642316,-0.0126732,0.00824593,0.0274197,0.00351579,0.0780984,,,-0.00255381,-0.0521974,0.0672202,financial
LMT,Industrials,1.16916e+11,1.33663e+11,2.0538e+10,9.60669e+09,0.0718723,0.0746603,-0.0126266,0.00829413,0.0274693,0.132856,0.0454862,0.068478,0.145492,-0.0658927,-0.0150909,0.0421327,
VTRS,Health Care,2.02669e+10,3.26883e+10,1.33486e+10,2.334e+09,0.0714017,0.0964529,-0.0117764,0.00917311,0.0283747,-0.027368,-0.0188242,-0.00267068,0.146473,-0.0782289,-0.0210287,0.0148074,
TMUS,Communication Services,1.74438e+11,2.58877e+11,8.7264e+10,1.8399e+10,0.0710724,0.105476,-0.0111782,0.00979149,0.0290117,0.620202,0.054693,0.0705084,,-0.0855666,-0.0563454,0.0940965,
ADSK,Information Technology,4.40572e+10,4.08962e+10,9.94e+08,2.90457e+09,0.071023,0.064439,-0.0110882,0.00988453,0.0291075,0.0878915,0.143346,0.0499068,0.547485,-0.0965878,-0.0283038,0.0361121,
ZTS,Health Care,2.87066e+10,3.60786e+10,9.048e+09,2.55402e+09,0.0707904,0.0824199,-0.0106638,0.0103233,0.0295595,0.225661,0.0499635,,0.451549,-0.0179744,-0.0752084,0.126939,
NVR,Consumer Discretionary,1.59859e+10,1.47887e+10,0,1.04642e+09,0.0707583,0.0654589,-0.0106051,0.0103839,0.0296219,-0.15688,-0.0161214,,,0.0136602,-0.143111,0.111602,
PHM,Consumer Discretionary,2.12299e+10,2.17145e+10,1.82028e+09,1.51292e+09,0.0696733,0.0712411,-0.00860703,0.0124494,0.0317494,-0.076697,-0.00941948,,,0.0153384,-0.0681909,0.0692227,
PNR,Industrials,8.4148e+09,1.02914e+10,1.9443e+09,7.158e+08,0.0695532,0.0850644,-0.00838408,0.0126799,0.0319868,0.170808,0.00264743,0.0839925,0.243269,-0.0162613,-0.0250205,0.0466084,
CCI,Real Estate,2.838e+10,4.5577e+10,1.8239e+10,3.15097e+09,0.0691351,0.084778,-0.00760479,0.0134854,0.0328165,0.097509,-0.165108,0.0435088,0.188639,-0.0819078,-0.026773,-0.046864,
ALGN,Health Care,1.02688e+10,9.16622e+09,0,6.33569e+08,0.06912,0.0616984,-0.00757658,0.0135146,0.0328465,0.0118081,0.034671,0.05974,0.43892,-0.0533095,-0.0216275,0.0259943,
URI,Industrials,6.279e+10,7.652e+10,1.3886e+10,5.279e+09,0.0689885,0.0840739,-0.00733051,0.0137689,0.0331085,2.07816,0.0746515,0.0527705,0.209348,-0.0927463,-0.0360628,0.0409619,
HCA,Health Care,9.5187e+10,1.4227e+11,4.8023e+10,9.73215e+09,0.0684062,0.0832782,-0.0062355,0.0149008,0.0342742,0.171294,0.0725019,,,-0.100976,-0.0866144,0.103102,
DG,Consumer Staples,2.64718e+10,2.9453e+10,4.57082e+09,2.01066e+09,0.0682665,0.0759546,-0.00597151,0.0151737,0.0345552,1.78057,0.0398857,0.0828372,0.422731,-0.0501425,-0.00107464,0.0196473,
FDS,Financials,9.92599e+09,1.10115e+10,1.3897e+09,7.50313e+08,0.0681393,0.0713588,-0.00573066,0.0154226,0.0348116,0.0784983,0.0597187,0.0654459,0.298889,-0.062887,-0.0752208,0.078274,financial
JKHY,Financials,1.01439e+10,1.02218e+10,9e+07,6.94857e+08,0.0679777,0.0685,-0.00542402,0.0157396,0.0351381,0.266084,0.0698689,0.0621251,0.35308,-0.0823928,-0.0409731,0.0609803,financial
RJF,Financials,3.02546e+10,2.12276e+10,9.5e+08,1.442e+09,0.0679303,0.0476621,-0.00533387,0.0158327,0.035234,,0.108365,,,0.0070779,-0.0660685,0,financial
CBOE,Financials,2.92177e+10,2.82708e+10,1.4438e+09,1.91645e+09,0.067789,0.0641563,-0.005065,0.0161106,0.0355203,0.558062,0.0913095,0.0621029,0.257991,-0.0574684,-0.0054336,0.0129476,financial
KEY,Financials,2.09371e+10,1.77771e+10,1.0967e+10,1.199e+09,0.0674465,0.0572669,-0.00441107,0.0167865,0.0362164,-0.371868,0.032928,,,0.00375816,-0.0368719,0.049816,financial
KVUE,Consumer Staples,3.31333e+10,3.34293e+10,1.406e+09,2.24975e+09,0.0672987,0.0577666,-0.00412789,0.0170792,0.0365178,,,0.0786734,0.335366,-0.0249486,-0.00375524,0.050161,
FOX,Communication Services,2.41274e+10,2.65284e+10,6.606e+09,1.78479e+09,0.0672784,0.0608436,-0.00408896,0.0171195,0.0365592,0.00574197,0.0472016,,,-0.0126768,-0.0488986,0.0947883,
FITB,Financials,4.49637e+10,4.52227e+10,4.633e+09,3.021e+09,0.0668027,0.0671875,-0.00317324,0.0180659,0.0375339,-0.161861,,,,-0.00439403,0.296743,0.0354063,financial
GILD,Health Care,1.83197e+11,2.06264e+11,2.6246e+10,1.37314e+10,0.066572,0.0706507,-0.00272693,0.0185272,0.038009,0.13186,0.0361135,-0.0121058,0.491086,-0.340181,-0.0120604,0.0300605,
SLB,Energy,7.16915e+10,7.87605e+10,1.114e+10,5.21127e+09,0.066166,0.0670372,-0.00193775,0.0193428,0.038849,0.135342,0.0524999,,,-0.0618022,0.0829509,0.023643,
TXT,Industrials,1.30959e+10,1.14899e+10,0,7.59e+08,0.0660578,0.0579569,-0.00172658,0.0195611,0.0390737,-0.0717638,0.0514301,,,-0.0164884,-0.0515813,0.0601713,
GIS,Consumer Staples,1.68106e+10,2.97915e+10,1.3414e+10,1.96227e+09,0.0658669,0.0919719,-0.00135342,0.0199467,0.0394709,-0.0864091,1.04338,-0.00692816,0.203152,-0.0978351,-0.0145063,0.0782365,
HRL,Consumer Staples,1.08782e+10,1.28649e+10,2.85512e+09,8.43109e+08,0.0655357,0.0717829,-0.000703375,0.0206185,0.0401627,-0.024932,-0.00132723,0.0446087,0.143277,-0.0563456,0.000637141,0.0589161,
GD,Industrials,9.02939e+10,9.46539e+10,8.014e+09,6.201e+09,0.0655123,0.0686757,-0.000657324,0.0206661,0.0402117,0.270597,0.0961072,0.0581909,,-0.0522116,-0.00190187,0.0206991,
WDAY,Information Technology,4.55225e+10,4.51085e+10,2.989e+09,2.9309e+09,0.0649745,0.0624747,0.000405426,0.0217644,0.0413427,0.163486,0.147749,0.0240531,,-0.115406,-0.0925097,0.114888,
BRO,Financials,2.05635e+10,2.74045e+10,7.759e+09,1.762e+09,0.0642961,0.0703188,0.00175821,0.0231624,0.0427823,0.187138,0.193674,,,-0.0105397,0.132794,0.0398279,financial
CVX,Energy,4.07542e+11,4.38142e+11,4.0182e+10,2.81401e+10,0.064226,0.0662802,0.00189873,0.0233076,0.0429318,-0.00765559,-0.0114177,,0.295767,-0.0749087,0.136081,0.0613482,
ROP,Information Technology,3.54911e+10,4.64456e+10,1.13194e+10,2.98012e+09,0.0641638,0.0752048,0.00202359,0.0234367,0.0430647,0.34101,0.127163,0.0498562,0.16369,-0.00468588,-0.09171,0.101318,
BR,Industrials,1.84567e+10,2.13075e+10,3.2546e+09,1.36672e+09,0.0641427,0.0692648,0.00206582,0.0234803,0.0431096,0.176569,0.0724891,0.0610395,0.265626,-0.0247392,-0.0368341,0.0567382,
VMRK,Real Estate,2.24292e+10,2.83948e+10,6.002e+09,1.81826e+09,0.064035,0.0698238,0.00228248,0.0237042,0.0433402,0.0122627,,,,-0.0340674,-0.0432026,0.059416,
PCAR,Industrials,5.78686e+10,5.78686e+10,0,3.6963e+09,0.0638741,0.0638741,0.00260661,0.0240392,0.0436851,0.0691363,-0.0509723,,0.126421,-0.0418485,-0.000636327,0.0249946,captive finance
ZBH,Health Care,1.67945e+10,2.38635e+10,7.479e+09,1.523e+09,0.0638214,0.0906847,0.00271278,0.0241489,0.0437981,0.115912,0.0574726,0.0504956,0.260793,-0.0410829,-0.0388819,0.0559232,
CPT,Real Estate,9.69602e+09,1.44996e+10,4.8483e+09,9.24249e+08,0.0637431,0.0832759,0.00287098,0.0243124,0.0439664,0.0112822,0.664738,,-0.0585432,-0.0508916,-0.0844617,0.119868,
MAS,Industrials,1.35011e+10,1.60581e+10,2.945e+09,1.02279e+09,0.0636932,0.0698463,0.00297192,0.0244167,0.0440738,0.0447252,-0.0229529,0.0795861,0.519969,-0.0504491,-0.044906,0.0668835,
PTC,Information Technology,1.58251e+10,1.54987e+10,2.5074e+07,9.87087e+08,0.0636883,0.059114,0.00298179,0.0244269,0.0440843,0.178158,0.127964,0.072071,0.383219,0.0412205,-0.104518,0.088543,
UHS,Health Care,1.05358e+10,1.52488e+10,4.85185e+09,9.69977e+08,0.06361,0.0802409,0.00314023,0.0245906,0.0442529,0.184283,0.0949552,0.134991,,-0.0172116,-0.0814054,0.106646,
UPS,Industrials,7.96749e+10,9.94379e+10,2.4484e+10,6.32205e+09,0.0635779,0.0684909,0.00320528,0.0246578,0.0443221,-0.0418635,-0.0221273,0.0661317,,-0.0602944,0.00471143,0.0678884,
LNT,Utilities,1.62947e+10,2.69367e+10,1.1007e+10,1.71065e+09,0.0635063,0.0790441,0.00335039,0.0248078,0.0444765,,0.0183865,0.0377552,0.152823,-0.0188208,0.00379008,0.0324032,
BX,Financials,8.2839e+10,9.36506e+10,1.33186e+10,5.91004e+09,0.0631073,0.0662277,0.004162,0.0256464,0.0453401,0.160305,0.322899,,,-0.0416669,-0.0414614,0.0770918,financial
SNA,Industrials,1.88075e+10,1.83495e+10,1.1867e+09,1.1484e+09,0.0625847,0.0589394,0.00523281,0.0267529,0.0464794,0.105304,0.0183878,0.0731465,,-0.0176486,-0.0245102,0.0449343,
TGT,Consumer Staples,7.17017e+10,7.70367e+10,1.5357e+10,4.79412e+09,0.0622317,0.0621464,0.00596088,0.0275052,0.047254,0.397397,-0.000935992,0.0781836,0.515408,-0.0707275,-0.00286464,0.0309756,
MCK,Health Care,1.03704e+11,1.08269e+11,9.729e+09,6.63325e+09,0.0612666,0.0618686,0.00797205,0.0295833,0.0493936,0.113199,0.131049,0.0599897,0.16932,-0.0255972,-0.0736391,0.0683872,
FOXA,Communication Services,2.69766e+10,2.93776e+10,6.606e+09,1.78479e+09,0.0607535,0.0544176,0.00905378,0.0307009,0.0505443,0.00574197,0.0472016,,,-0.0126768,-0.0488986,0.0847773,
COR,Health Care,5.81966e+10,6.71045e+10,1.17232e+10,4.0601e+09,0.0605042,0.0697653,0.00958275,0.0312475,0.051107,0.132867,0.0936086,0.0453287,0.157761,-0.0262054,-0.0228102,0.0155257,
PFE,Health Care,1.6207e+11,2.17007e+11,6.3194e+10,1.31172e+10,0.060446,0.0677793,0.00970651,0.0313753,0.0512386,0.00990317,-0.0650716,,0.231754,-0.0450801,-0.00110934,0,
WTW,Financials,2.71632e+10,3.20322e+10,6.53e+09,1.91494e+09,0.0597817,0.0621797,0.0111272,0.0328431,0.0527498,0.197324,0.0362687,0.070117,,-0.011715,-0.0739487,0.0757275,financial
HSIC,Health Care,9.37377e+09,1.16548e+10,2.438e+09,6.9461e+08,0.0595988,0.0607013,0.0115212,0.0332502,0.0531689,0.0226654,0.025889,0.0583452,0.374308,-0.0260961,-0.0956833,0.0776635,
EFX,Industrials,1.62799e+10,2.15769e+10,5.4671e+09,1.28022e+09,0.059333,0.0678752,0.0120956,0.0338436,0.0537798,0.336467,0.0838306,0.0533163,,-0.0768666,-0.062004,0.0992575,
OTIS,Industrials,2.43019e+10,3.19249e+10,8.436e+09,1.8937e+09,0.0593173,0.0704471,0.0121298,0.0338789,0.0538161,0.094148,0.0249345,0.0716995,,-0.0318214,-0.0389779,0.0704882,
TSN,Consumer Staples,1.77873e+10,2.50533e+10,8.006e+09,1.48095e+09,0.059112,0.0652714,0.0125752,0.0343391,0.0542899,1.27965,0.0149436,0.0501731,0.0959508,-0.040155,-0.00561799,0.0394664,
FICO,Information Technology,1.40582e+10,1.93921e+10,5.58239e+09,1.14323e+09,0.0589535,0.07085,0.0129203,0.0346956,0.0546569,0.307376,0.175773,0.0637525,0.999779,-0.0915552,-0.129146,0.25565,
COIN,Financials,4.96347e+10,4.67901e+10,5.94423e+09,2.73136e+09,0.0583747,0.0536054,0.0141881,0.0360053,0.0560052,-0.0275157,0.325168,0.0132373,,-0.137884,-0.0571806,0.040973,financial
CTVA,Materials,8.30659e+09,1.08166e+10,4.875e+09,6.29e+08,0.0581514,0.075723,0.0146804,0.0365139,0.0565287,,0.00531462,,0.211901,-0.00485087,-0.0235574,0.184793,
DAL,Industrials,5.47208e+10,6.29608e+10,1.2905e+10,3.659e+09,0.0581155,0.0668667,0.0147597,0.0365958,0.0566131,0.655805,0.0699778,0.0876101,,-0.0484702,0.0085873,0.00906419,
PSA,Real Estate,4.96253e+10,5.95455e+10,1.01802e+10,3.4292e+09,0.0575895,0.0639174,0.0159275,0.0378021,0.0578549,-0.00732586,0.0365877,,,-0.0560473,-0.001706,0,
PAYX,Industrials,3.52599e+10,3.88837e+10,4.558e+09,2.22716e+09,0.0572774,0.0571953,0.0166254,0.038523,0.058597,0.0310749,0.0908166,0.0665524,0.313632,-0.0284662,-0.0164921,0.058863,
TRMB,Information Technology,1.33659e+10,1.46108e+10,1.4593e+09,8.36142e+08,0.0572278,0.0578414,0.0167367,0.038638,0.0587153,0.151153,0.0119556,0.0439881,0.309151,-0.105821,-0.0271608,0.038531,
ABNB,Consumer Discretionary,9.49021e+10,8.53091e+10,2.476e+09,4.86e+09,0.0569693,0.0512107,0.0173179,0.0392384,0.0593334,0.076547,0.13132,0.0320951,0.379391,-0.075433,-0.0474333,0.0433183,
IBM,Information Technology,2.1492e+11,2.69732e+11,6.1984e+10,1.53139e+10,0.0567746,0.0641635,0.0177575,0.0396925,0.0598008,0.0819455,0.0451307,,0.263947,-0.0273703,-0.0061664,0.0293552,
COO,Health Care,1.08141e+10,1.3202e+10,2.5426e+09,7.48468e+08,0.0566934,0.0626957,0.0179412,0.0398823,0.0599962,0.451733,0.0643241,0.0412209,0.220407,-0.0365332,-0.0504763,0.0595517,
BKR,Energy,5.49941e+10,5.55201e+10,1.6253e+10,3.128e+09,0.0563399,0.0568788,0.0187441,0.0407116,0.0608498,0.217557,0.0596124,,,-0.0254656,,0.0165472,
ESS,Real Estate,1.7266e+10,2.35942e+10,6.38653e+09,1.32564e+09,0.056185,0.0647527,0.0190975,0.0410767,0.0612256,0.0541492,0.0523213,0.0265786,0.104682,-0.0545949,-0.00216317,0.00358594,
DPZ,Consumer Discretionary,9.84149e+09,1.45603e+10,4.88364e+09,8.09908e+08,0.0556244,0.0663995,0.0203844,0.0424058,0.0625938,0.114818,0.0369051,0.0673909,1.14113,-0.102807,-0.0391048,0.0644332,
ADP,Industrials,1.04281e+11,1.05016e+11,4.9651e+09,5.80405e+09,0.055268,0.052178,0.0212093,0.0432579,0.0634708,0.0894821,0.0680841,,0.161207,-0.0162628,-0.0283835,0.0451624,
AMCR,Materials,1.91504e+10,3.19124e+10,1.3877e+10,1.76304e+09,0.0552462,0.0641762,0.0212598,0.04331,0.0635245,0.18692,0.169534,0.0595066,0.126432,-0.0281709,0.372376,0.062453,
ICE,Financials,8.49727e+10,1.03752e+11,1.9846e+10,5.71316e+09,0.0550657,0.0597604,0.0216797,0.0437437,0.0639709,0.141056,0.11939,0.0526931,,-0.00847073,-0.0239462,0.0369648,financial
MRSH,Financials,8.15459e+10,1.00407e+11,2.0561e+10,5.52698e+09,0.0550458,0.0584579,0.021726,0.0437916,0.0640201,0.150046,0.0898016,0.0601752,,-0.0183975,-0.0365985,0.0575259,financial
CPRT,Industrials,2.50156e+10,2.31077e+10,0,1.26713e+09,0.0548359,0.0506536,0.0222162,0.0442979,0.0645412,0.143443,0.0643941,0.071517,,-0.0119889,-0.0538317,0.0652609,
HAL,Energy,2.6581e+10,3.1781e+10,7.248e+09,1.725e+09,0.0542777,0.0648959,0.0235287,0.0456535,0.0659365,-0.0347344,-0.00061011,0.0805197,,-0.0444479,-0.0282478,0.0519167,
CL,Consumer Staples,6.73292e+10,7.47902e+10,8.938e+09,4.05866e+09,0.0542673,0.0573005,0.0235533,0.0456789,0.0659627,0.178679,0.0406438,0.0418504,0.757415,-0.144014,-0.0200285,0.0191744,
QCOM,Information Technology,1.9299e+11,2.01986e+11,1.73e+10,1.09611e+10,0.0542666,0.0539717,0.0235548,0.0456804,0.0659642,0.149144,0.0453025,0.0505976,0.416564,-0.0547527,-0.0456105,0.0479299,
KMB,Consumer Staples,3.14287e+10,3.69897e+10,6.517e+09,2.00644e+09,0.0542432,0.0579088,0.0236103,0.0457377,0.0660232,-0.0873259,-0.0659159,0.0679648,0.328501,-0.0742697,-0.00216545,0.0540907,
DRI,Consumer Discretionary,2.21334e+10,2.26075e+10,6.936e+08,1.21904e+09,0.0539217,0.0505616,0.0243726,0.046525,0.0668336,0.117877,0.0703882,0.0700121,0.208523,-0.050255,-0.0304069,0.0616579,
RMD,Health Care,3.21192e+10,3.09099e+10,2.5995e+08,1.64954e+09,0.0533661,0.0513569,0.0257006,0.0478965,0.0682451,0.422039,0.102125,0.0610391,0.384983,-0.0315121,-0.0211789,0.0326813,
AON,Financials,5.84681e+10,7.21681e+10,1.4967e+10,3.84445e+09,0.0532707,0.0555516,0.02593,0.0481334,0.068489,0.0330653,0.109372,0.0644883,,0.00717941,-0.0241011,0.011254,financial
O,Real Estate,5.07267e+10,7.52657e+10,2.50916e+10,4.00002e+09,0.0531454,0.0788543,0.0262321,0.0484454,0.06881,0.143087,0.179541,,,-0.0379189,0.0459579,0.0590701,
REGN,Health Care,7.76757e+10,7.16677e+10,1.9866e+09,3.80417e+09,0.0530806,0.0484115,0.0263885,0.0486069,0.0689763,-0.0325522,0.0702854,0.0536238,,-0.00844944,-0.0242323,0.0473494,
HD,Consumer Discretionary,2.77607e+11,3.2417e+11,4.8648e+10,1.70076e+10,0.0524652,0.0543898,0.0278835,0.0501507,0.0705652,-0.0245707,0.0298759,0.0648487,0.513576,-0.0416149,0.00370503,0.033216,
LHX,Industrials,4.41161e+10,5.35941e+10,1.0999e+10,2.808e+09,0.0523938,0.0636502,0.0280579,0.0503309,0.0707506,0.152357,0.0651863,0.0432883,0.129862,-0.0330244,-0.00847771,0.0402801,
PNC,Financials,8.60521e+10,1.4303e+11,8.5723e+10,7.488e+09,0.0523526,0.087017,0.0281588,0.050435,0.0708578,-0.15863,0.0406244,,,-6.98013e-05,0.00488394,0.0569306,financial
WSM,Consumer Discretionary,2.67088e+10,2.56798e+10,0,1.34349e+09,0.0523171,0.0503016,0.0282458,0.0505249,0.0709503,0.0735769,-0.0105403,0.0598692,0.686121,-0.0780905,-0.0481986,0.044502,
BSX,Health Care,6.28096e+10,7.48946e+10,1.2624e+10,3.91177e+09,0.0522303,0.0577141,0.0284585,0.0507445,0.0711763,0.339285,0.161477,0.0554379,0.32473,-0.0189092,-0.0300903,0,
LOW,Consumer Discretionary,1.00709e+11,1.34858e+11,3.7556e+10,7e+09,0.0519064,0.0695071,0.0292559,0.051568,0.0720237,0.0178574,-0.0100986,0.0763172,0.53537,-0.0468853,0.00188041,0.0313378,
JBHT,Industrials,2.11248e+10,2.22659e+10,1.14534e+09,1.15502e+09,0.0518737,0.0520584,0.0293366,0.0516514,0.0721095,0.910834,-0.0284497,0.0429183,,-0.115899,-0.0423331,0.0339714,
LII,Industrials,1.23999e+10,1.3512e+10,1.1623e+09,7.00121e+08,0.0518147,0.0532826,0.0294825,0.051802,0.0722646,0.33116,0.0308743,0.0776642,0.409439,-0.00158408,-0.0199162,0.0478955,
MDT,Health Care,1.1007e+11,1.29404e+11,2.8153e+10,6.70475e+09,0.0518126,0.0557101,0.0294876,0.0518072,0.07227,0.113293,0.0595854,0.0524405,0.261569,-0.0300517,-0.0062053,0.0438722,
NWSA,Communication Services,1.58195e+10,1.57135e+10,1.989e+09,8.11e+08,0.0516118,0.0512659,0.0299853,0.0523212,0.0727989,0.109998,-0.0295805,,,-0.0427174,-0.0203854,0.0534152,
EBAY,Consumer Discretionary,4.66494e+10,5.10744e+10,6.735e+09,2.62471e+09,0.05139,0.0520479,0.0305371,0.052891,0.0733848,0.0102277,0.065029,0.0482434,0.485362,-0.0417666,-0.0546584,0.0559493,
TEL,Information Technology,6.2241e+10,6.6634e+10,5.632e+09,3.41138e+09,0.0511958,0.0532607,0.0310223,0.053392,0.0739003,0.148538,0.0570786,0.057238,0.267702,-0.0537783,-0.0288925,0.0423676,
ALLE,Industrials,1.29583e+10,1.46688e+10,2.0311e+09,7.50653e+08,0.0511733,0.0517891,0.0310784,0.05345,0.07396,0.102269,0.0590212,0.0609047,0.358398,-0.0206499,-0.0159037,0.0264,
HPE,Information Technology,8.41945e+10,9.82225e+10,2.0244e+10,5.02342e+09,0.0511433,0.0493619,0.0311537,0.0535277,0.07404,0.414653,0.121859,0.0264909,,-0.0466888,-0.0680899,0.0152742,
BAX,Health Care,1.22683e+10,2.04353e+10,1.0317e+10,1.03984e+09,0.0508845,0.0656977,0.0318038,0.0541989,0.0747308,-0.0225195,-0.0831038,-0.0134082,0.174322,-0.120358,0.00581187,0.014998,
OKE,Energy,5.39849e+10,8.53469e+10,3.1523e+10,4.30904e+09,0.0504886,0.0538299,0.0328044,0.0552322,0.075794,0.0639846,0.27043,0.0716019,0.156282,-0.0364849,0.00360703,0.050366,
ON,Information Technology,3.01386e+10,3.07335e+10,4.4594e+09,1.54891e+09,0.050398,0.0497834,0.0330344,0.0554696,0.0760384,0.087001,-0.0945903,0.0217906,0.173347,-0.0772556,-0.0636572,0.048632,
GEV,Industrials,2.57245e+11,2.46974e+11,2.849e+09,1.2438e+10,0.0503616,0.0483508,0.033127,0.0555653,0.0761368,,,0.00728822,0.103453,-0.0570545,-0.0356513,0.0226049,
BALL,Materials,1.47493e+10,2.14783e+10,7.22e+09,1.0798e+09,0.0502741,0.0560706,0.0333498,0.0557953,0.0763735,,-0.00524944,,,-0.023819,-0.0481872,0.0426462,
PPG,Materials,2.28071e+10,2.83261e+10,7.143e+09,1.42134e+09,0.0501777,0.053799,0.0335956,0.0560491,0.0766347,0.000816327,-0.0343808,,0.301219,-0.0183747,-0.0213057,0.0493267,
D,Utilities,5.28553e+10,1.01171e+11,4.8667e+10,5.06e+09,0.0500142,0.0957331,0.0340137,0.0564808,0.0770789,-0.0293486,-0.016553,0.0452994,,-0.0176002,0.0303089,0.0434394,
MMM,Industrials,8.43645e+10,9.39605e+10,1.2551e+10,4.6723e+09,0.0497262,0.0472355,0.0347533,0.0572444,0.0778647,-0.0356868,-0.0867061,0.0492122,0.284103,-0.0544611,-0.047111,0.0664498,
CRH,Materials,5.44369e+10,6.93379e+10,1.7926e+10,3.43908e+09,0.0495988,0.0508111,0.0350818,0.0575836,0.0782137,,,0.0797255,0.239172,-0.0270016,-0.0184899,0.0210152,
PEP,Consumer Staples,1.72236e+11,2.05732e+11,4.4212e+10,1.01731e+10,0.0494485,0.0538913,0.0354706,0.0579851,0.0786268,0.174572,0.0244311,0.0698094,0.466053,-0.0267852,-0.00592315,0.0510579,
ULTA,Consumer Discretionary,2.31344e+10,2.32605e+10,3.39578e+08,1.14945e+09,0.0494165,0.0496859,0.0355535,0.0580706,0.0787149,0.0568773,0.0648536,0.0693992,0.731464,-0.0513789,-0.0536043,0.0525335,
BDX,Health Care,4.86428e+10,6.47428e+10,1.6808e+10,3.19531e+09,0.0493539,0.0561234,0.0357159,0.0582383,0.0788874,0.161329,0.0176772,0.0296867,0.183714,-0.0495949,-0.293626,0.075489,
CHD,Consumer Staples,2.22379e+10,2.42393e+10,2.2562e+09,1.19161e+09,0.0491605,0.0501532,0.0362187,0.0587575,0.0794216,0.081861,0.0338354,0.0448858,0.312277,-0.0566349,-0.0380361,0.0399319,
INVH,Real Estate,1.54684e+10,2.39193e+10,8.52669e+09,1.17158e+09,0.0489806,0.0757403,0.0366882,0.0592422,0.0799203,0.0502977,0.0687512,,,-0.0292313,-0.0376138,0.0853585,
APP,Communication Services,9.53646e+10,9.58264e+10,3.51507e+09,4.68451e+09,0.0488854,0.0474766,0.0369374,0.0594994,0.080185,0.745017,0.333343,0.0551879,0.730585,-0.014226,-0.0152042,0.0257167,
NEE,Utilities,1.56797e+11,2.52584e+11,9.7785e+10,1.233e+10,0.0488155,0.0786368,0.0371206,0.0596886,0.0803797,0.144343,0.0257216,0.0325912,,-0.0187243,0.0115958,0.0307022,
VRSK,Industrials,2.20267e+10,2.59778e+10,4.4756e+09,1.26776e+09,0.0488017,0.0511787,0.0371568,0.059726,0.0804182,0.110797,0.104601,0.0525833,0.472121,-0.102536,-0.0687007,0.0957609,
AFL,Financials,5.58521e+10,5.81101e+10,8.378e+09,2.83581e+09,0.0488006,0.047393,0.0371597,0.0597289,0.0804212,-0.0608916,-0.0131677,,,0.0191012,-0.0713571,0.0891461,financial
CMI,Industrials,7.12984e+10,7.42624e+10,6.888e+09,3.62059e+09,0.048754,0.0472241,0.0372819,0.0598551,0.080551,0.452826,0.0253801,0.0524222,0.246646,-0.054224,-0.00605085,0.0154983,
KR,Consumer Staples,3.52168e+10,4.89078e+10,1.5367e+10,2.384e+09,0.0487448,0.067695,0.0373062,0.0598802,0.0805769,-0.0558959,0.00289179,0.0425903,,-0.113637,-0.118667,0.132352,
ADM,Consumer Staples,3.79495e+10,4.44935e+10,7.604e+09,2.14468e+09,0.0482021,0.0441903,0.0387397,0.0613602,0.0820997,-0.226165,-0.063271,,0.105367,-0.0191492,-0.00422465,0.0264035,
VST,Utilities,4.66432e+10,6.58032e+10,1.9595e+10,3.14928e+09,0.0478591,0.0483457,0.0396542,0.0623043,0.0830711,-0.0470779,0.049306,0.0541463,,-0.0681173,-0.0289828,0.0312157,
UDR,Real Estate,1.08489e+10,1.65109e+10,5.66332e+09,7.88106e+08,0.0477323,0.0582625,0.0399936,0.0626547,0.0834316,0.0490362,0.0247062,0.0400471,,-0.0372177,-0.0207105,0.0632517,
HUM,Health Care,4.56876e+10,3.77156e+10,1.3993e+10,1.79656e+09,0.0476344,0.0278413,0.0402566,0.0629262,0.0837109,-0.528771,0.115936,0.0648008,,-0.0129161,-0.00567677,0.0148399,
DOV,Industrials,2.54209e+10,2.69249e+10,3.25999e+09,1.26665e+09,0.0470439,0.0462859,0.0418536,0.0645748,0.0854071,0.122928,-0.00220768,0.0527449,0.243398,-0.0190306,-0.024162,0.0328614,
SW,Materials,2.23158e+10,3.58028e+10,1.4164e+10,1.68097e+09,0.0469508,0.0454834,0.0421072,0.0648366,0.0856764,,,0.0412537,0.124289,-0.0619455,0.00482151,0.0414056,
IQV,Health Care,4.41534e+10,5.78834e+10,1.5833e+10,2.71324e+09,0.0468742,0.0479238,0.042316,0.0650522,0.0858982,0.101801,0.0424685,0.0380074,,-0.0444482,-0.0370522,0.0321833,
NWS,Communication Services,1.745e+10,1.7344e+10,1.989e+09,8.11e+08,0.0467597,0.0464756,0.0426292,0.0653755,0.0862309,0.109998,-0.0295805,,,-0.0427174,-0.0203854,0.0484241,
SNDK,Information Technology,2.54366e+11,2.49604e+11,0,1.15517e+10,0.0462799,0.0451868,0.0439493,0.0667383,0.0876329,,,0.0496345,0.643,-0.0105745,0.00973864,0.0177854,
HON,Industrials,6.76429e+10,8.99569e+10,3.151e+10,4.148e+09,0.046111,0.061322,0.0444174,0.0672215,0.08813,-0.00208067,-0.000156792,0.0882089,0.170834,0.040016,-0.715757,0.0631699,
VLTO,Industrials,2.30372e+10,2.42682e+10,2.662e+09,1.11547e+09,0.0459642,0.0452312,0.0448253,0.0676426,0.0885632,,,0.0532796,0.437475,-0.0173788,-0.0173596,0.00494852,
AMGN,Health Care,2.24789e+11,2.68104e+11,5.7304e+10,1.22827e+10,0.0458132,0.0452646,0.0452466,0.0680775,0.0890106,0.0165879,0.12744,0.0426177,0.276895,-0.0390531,-0.000680444,0.0235109,
REG,Real Estate,1.30292e+10,1.78875e+10,5.00393e+09,8.1939e+08,0.0458079,0.0628889,0.0452615,0.0680929,0.0890264,0.0732896,0.0821675,0.0640835,,-0.0209227,,0.0506398,
NXPI,Information Technology,5.97713e+10,6.77873e+10,1.1724e+10,3.08546e+09,0.0455168,0.0453562,0.0460773,0.068935,0.0898927,0.00875811,-0.0144237,0.0564855,0.256113,-0.0145687,-0.0054232,0.0287931,
AMT,Real Estate,7.57744e+10,1.11202e+11,3.71896e+10,5.06051e+09,0.0455075,0.0522577,0.0461034,0.0689619,0.0899204,0.182139,0.000796405,0.0440821,,-0.0375023,-0.00605714,0.049939,
DE,Industrials,1.76021e+11,1.84208e+11,1.7115e+10,8.31437e+09,0.0451358,0.0342062,0.0471532,0.0700455,0.0910351,0.0153519,-0.0787759,,,-0.0220432,-0.00656011,0.0139358,captive finance
CME,Financials,9.59854e+10,9.37098e+10,0,4.2127e+09,0.0449547,0.043889,0.0476675,0.0705764,0.0915813,0.106691,0.0894649,0.0470495,,1.48965e-05,0.00256916,0.0424648,financial
DXCM,Health Care,3.26719e+10,3.15669e+10,0,1.41685e+09,0.044884,0.0430033,0.047869,0.0707843,0.0917952,0.444653,0.158299,0.0360853,0.480907,-0.116029,-0.0785556,0.0337783,
STE,Health Care,2.03502e+10,2.17615e+10,1.8936e+09,9.73474e+08,0.0447337,0.0454835,0.0482983,0.0712275,0.092251,0.233073,0.0588393,0.0524596,0.249877,-0.045035,-0.0132441,0.0288645,
NOC,Industrials,6.87216e+10,8.16056e+10,1.5191e+10,3.646e+09,0.0446783,0.0530547,0.0484569,0.0713912,0.0924194,0.172487,0.0422813,0.0563442,,-0.011465,-0.0135425,0.0311984,
MCD,Consumer Discretionary,1.63069e+11,2.02835e+11,4.0588e+10,9.04475e+09,0.0445917,0.0475934,0.0487053,0.0716476,0.0926832,0.0534072,0.0461688,0.0631302,,-0.0427236,13.8015,0.0462994,
SYK,Health Care,1.05084e+11,1.1655e+11,1.4942e+10,5.176e+09,0.0444103,0.0447453,0.049227,0.0721861,0.0932371,0.248347,0.0991837,0.0474819,0.350261,-0.0374713,-0.00734303,0.0125329,
ROL,Industrials,1.44536e+10,1.45604e+10,2.15918e+08,6.45732e+08,0.0443484,0.0428384,0.0494054,0.0723702,0.0934266,0.0961257,0.109916,0.0502685,,-0.0343524,-0.00730698,0.0407668,
ZBRA,Information Technology,1.77964e+10,2.04074e+10,2.768e+09,9.04e+08,0.0442977,0.0507969,0.0495518,0.0725213,0.0935819,0.836278,0.0206029,0.0420436,0.335649,-0.0509436,-0.0806095,0.050853,
XOM,Energy,6.72627e+11,7.04407e+11,4.2368e+10,3.11652e+10,0.0442433,0.0454234,0.0497091,0.0726837,0.093749,-0.129639,-0.00732183,,,-0.0580647,,0.0561277,
PG,Consumer Staples,3.34021e+11,3.58217e+11,3.4138e+10,1.58398e+10,0.0442185,0.0453474,0.0497807,0.0727575,0.093825,0.0318806,0.0200257,0.0551286,0.34516,-0.0277424,-0.0544062,0.0456857,
FTV,Industrials,1.6743e+10,1.9876e+10,3.4891e+09,8.76421e+08,0.0440945,0.0580124,0.0501401,0.0731285,0.0942066,-0.064112,-0.143399,0.0341266,0.210262,-0.0459768,-0.114077,0.118922,
SPG,Real Estate,6.45121e+10,9.21926e+10,2.86996e+10,4.06437e+09,0.0440856,0.0498749,0.0501659,0.0731551,0.0942339,0.012048,0.0848546,0.0356844,,0.0124457,-0.00759177,0.00351602,
DGX,Health Care,2.5722e+10,3.0738e+10,5.642e+09,1.349e+09,0.0438871,0.0524455,0.0507434,0.0737507,0.0948471,0.153911,0.0680569,0.0530289,0.225987,-0.0496487,-0.023519,0.0355727,
IR,Industrials,2.89292e+10,3.25242e+10,4.7685e+09,1.42241e+09,0.0437338,0.0421477,0.0511912,0.0742129,0.0953225,0.096294,0.0715449,0.0441425,0.186923,-0.021441,-0.0317099,0.0303499,
MAA,Real Estate,1.35879e+10,1.91729e+10,5.65652e+09,8.36519e+08,0.0436302,0.0504293,0.0514946,0.074526,0.0956446,-0.0546169,0.0156296,,,-0.0534917,-0.00666417,0.0596696,
RL,Consumer Discretionary,2.19577e+10,2.12555e+10,1.2394e+09,9.24803e+08,0.043509,0.0401136,0.0518508,0.0748937,0.0960228,0.281322,0.0901266,0.0587143,0.766582,-0.0436752,-0.0193867,0.0385378,
EL,Consumer Staples,3.25931e+10,3.64011e+10,7.306e+09,1.57986e+09,0.0434015,0.0403767,0.0521673,0.0752203,0.0963587,0.218171,-0.0183745,0.0214279,0.574942,-0.080508,0.0129675,0.0177338,
LH,Health Care,2.50883e+10,3.0805e+10,5.8585e+09,1.33469e+09,0.043327,0.0460454,0.0523871,0.0754471,0.096592,0.0173498,0.0242764,0.048583,0.223615,-0.0343239,-0.0339427,0.0375036,
SPGI,Financials,1.22469e+11,1.33921e+11,1.3318e+10,5.79695e+09,0.0432863,0.0453666,0.0525073,0.0755712,0.0967197,0.204169,0.0926284,0.0515378,0.182343,-0.0157751,-0.0335524,0.0531889,financial
YUM,Consumer Discretionary,3.71664e+10,4.87774e+10,1.2285e+10,2.10876e+09,0.0432323,0.0451752,0.0526671,0.0757361,0.0968893,0.0949477,0.0765287,0.055415,0.684405,0.0153191,-0.0292453,0.0456057,
MRK,Health Care,3.5679e+11,4.03555e+11,5.3906e+10,1.744e+10,0.0432158,0.0450209,0.0527158,0.0757864,0.0969411,0.140493,0.0451385,,0.374208,-0.129382,-0.0184048,0.0350458,
VEEV,Health Care,4.59959e+10,3.87529e+10,0,1.66546e+09,0.0429763,0.0362089,0.053427,0.0765204,0.097696,0.194562,0.157077,0.026704,0.28611,-0.071818,-0.0350537,0.0139713,
NTAP,Information Technology,4.14896e+10,4.04016e+10,2.488e+09,1.73611e+09,0.0429713,0.039769,0.0534419,0.0765357,0.0977118,0.155314,0.0156102,0.0457655,0.476495,-0.0437243,-0.0329558,0.0303932,
VRSN,Information Technology,2.55057e+10,2.62598e+10,1.7882e+09,1.12606e+09,0.0428816,0.0417985,0.0537094,0.0768119,0.0979958,0.0756557,0.0530658,0.0441359,0.838085,-0.139394,-0.0401573,0.0466876,
GPC,Consumer Discretionary,1.72442e+10,2.09117e+10,4.22665e+09,8.93846e+08,0.0427438,0.0440354,0.0541213,0.0772369,0.098433,0.00819053,0.0309739,,0.439366,-0.0547525,-0.00999087,0.033316,
PM,Consumer Staples,2.92131e+11,3.31904e+11,4.5772e+10,1.39757e+10,0.0421078,0.043549,0.0560397,0.0792167,0.100469,0.197418,0.0865116,0.0483845,0.420735,-0.0496551,0.000393657,0.0308286,
SHW,Materials,7.64688e+10,8.6001e+10,9.8257e+09,3.62108e+09,0.042105,0.0420197,0.0560479,0.0792252,0.100478,0.224499,0.0206137,,0.443636,-0.0444689,-0.0345818,0.01028,
EXR,Real Estate,2.77967e+10,3.65625e+10,9.46093e+09,1.53807e+09,0.0420669,0.0553328,0.056164,0.079345,0.100601,0.0781461,0.194873,0.0385567,0.0845954,-0.031805,-0.00317263,0.0544415,
LYV,Communication Services,3.93956e+10,3.95251e+10,9.20146e+09,1.6603e+09,0.0420063,0.0350979,0.0563485,0.0795354,0.100797,-0.0293615,0.110152,0.0202705,,-0.0877903,0.00517575,0.0005973,
CLX,Consumer Staples,9.61325e+09,1.09132e+10,2.487e+09,4.5663e+08,0.0418418,0.0395288,0.0568505,0.0800534,0.10133,-0.257949,-0.0292211,,0.460534,0.0279677,-0.0274531,0.0970536,
TJX,Consumer Discretionary,1.45769e+11,1.42636e+11,2.871e+09,5.93841e+09,0.0416334,0.0403105,0.0574893,0.0807127,0.102008,0.0865856,0.0677622,,0.537653,-0.0529974,-0.0251596,0.0325516,
FFIV,Information Technology,2.50915e+10,2.34857e+10,0,9.69595e+08,0.0412844,0.0386424,0.0585665,0.0818243,0.103151,0.193271,0.0565072,0.0345795,0.396716,-0.0472877,-0.0324009,0.0249533,
J,Industrials,1.64135e+10,1.882e+10,3.57938e+09,7.75145e+08,0.0411874,0.0392691,0.0588677,0.082135,0.103471,-0.101012,-0.0374588,0.0345188,0.267187,-0.0338408,-0.0290712,0.0534069,
RTX,Industrials,2.49457e+11,2.77595e+11,3.7154e+10,1.1407e+10,0.0410923,0.0457274,0.0591635,0.0824403,0.103785,0.588469,0.0983085,0.0377709,,-0.0371784,-0.0046206,0.0149204,
NKE,Consumer Discretionary,5.28495e+10,5.32285e+10,7.942e+09,2.184e+09,0.0410307,0.0413249,0.0593556,0.0826385,0.103989,-0.234671,-0.0324018,,0.518381,0.00624837,-0.00444655,0.048307,
CHTR,Communication Services,1.32775e+10,1.06727e+11,9.3959e+10,4.358e+09,0.040833,0.328225,0.0599737,0.0832763,0.104645,0.0703437,-0.000856437,0.118648,,-0.0741945,-0.155701,0.358275,
NFLX,Communication Services,2.84668e+11,2.89849e+11,1.43093e+10,1.18215e+10,0.040785,0.0391755,0.0601241,0.0834316,0.104804,0.378197,0.146146,0.0495241,0.406476,0.0287219,-0.0434452,0.0348527,
GEHC,Health Care,2.94997e+10,3.73677e+10,1.0129e+10,1.519e+09,0.04065,0.051492,0.0605482,0.0838692,0.105254,,,0.07089,0.221226,-0.00317845,-0.00680963,0.0123391,
NDSN,Industrials,1.82254e+10,1.9651e+10,1.539e+09,7.95637e+08,0.0404884,0.0397255,0.061058,0.0843952,0.105795,0.0557805,0.0474506,0.0407594,0.27697,-0.0366861,-0.0182992,0.023616,
RSG,Industrials,6.38448e+10,7.78068e+10,1.4069e+10,3.11989e+09,0.0400979,0.0415539,0.0622984,0.0856751,0.107112,0.123312,0.0501631,0.0432867,0.271168,-0.0670132,-0.0230878,0.0349441,
UNP,Industrials,1.59907e+11,1.8862e+11,3.0327e+10,7.51915e+09,0.0398639,0.0406736,0.0630473,0.0864478,0.107906,0.0593463,0.00860731,0.0539231,,-0.0411875,-0.0012188,0.0206557,
MSCI,Financials,3.92304e+10,4.52544e+10,6.3804e+09,1.80128e+09,0.0398034,0.0407337,0.0632419,0.0866486,0.108113,0.10945,0.123591,0.0410062,,-0.0482135,-0.0638849,0.0838359,financial
TDY,Information Technology,2.8085e+10,2.97719e+10,2.027e+09,1.18207e+09,0.0397043,0.0406658,0.0635609,0.0869778,0.108451,0.127127,0.0447547,0.0416399,0.180794,-0.0194039,-0.0222785,0.0143457,
SYY,Consumer Staples,3.71347e+10,4.88467e+10,1.3516e+10,1.938e+09,0.0396751,0.0521883,0.063655,0.0870748,0.108551,-0.0223974,0.0347164,0.0633615,0.550727,-0.0310244,-0.0221485,0.0333111,
EXPD,Industrials,2.4318e+10,2.32865e+10,0,9.23864e+08,0.0396737,0.037991,0.0636595,0.0870795,0.108556,-0.200392,-0.0160855,0.050819,,-0.010466,-0.0498216,0.0456631,
ABT,Health Care,1.70314e+11,1.97066e+11,3.4047e+10,7.80144e+09,0.0395879,0.0433199,0.0639368,0.0873656,0.10885,0.103676,0.0391199,0.0390985,0.229949,-0.0288692,-0.00516662,0.0292459,
JBL,Information Technology,3.10075e+10,3.30255e+10,3.378e+09,1.306e+09,0.0395451,0.0421188,0.064075,0.0875082,0.108997,0.188979,-0.0161737,0.0435723,0.130106,-0.0417734,-0.0421658,0.03067,
XYL,Industrials,2.31561e+10,2.48061e+10,2.926e+09,9.7817e+08,0.0394327,0.0414578,0.0644394,0.0878842,0.109383,0.390596,0.146476,0.0532531,0.206493,-0.0163188,-0.0434646,0.0711261,
AJG,Financials,5.89951e+10,7.10841e+10,1.3475e+10,2.79882e+09,0.0393733,0.0387642,0.0646322,0.0880831,0.109588,0.122342,0.195518,,,-0.0107752,,0.0117535,financial
ROST,Consumer Discretionary,7.43112e+10,7.10416e+10,1.01851e+09,2.79019e+09,0.0392754,0.0375473,0.064951,0.088412,0.109926,0.101503,0.0846454,0.0474406,0.455021,-0.0626638,-0.0165868,0.0230267,
CMG,Consumer Discretionary,4.06262e+10,3.99484e+10,0,1.56898e+09,0.0392753,0.03862,0.0649513,0.0884124,0.109927,0.078485,0.101971,0.0455625,,-0.102444,-0.0648769,0.0685115,
ABBV,Health Care,4.59557e+11,5.23782e+11,7.0822e+10,2.05136e+10,0.0391645,0.0396252,0.0653129,0.0887854,0.11031,-0.0978226,0.0474702,0.0322081,0.340606,-0.0976724,-0.00219479,0.0293392,
PLD,Real Estate,1.19209e+11,1.53017e+11,3.46696e+10,5.94547e+09,0.0388549,0.0430826,0.0663287,0.0898335,0.111388,0.0220602,0.0503505,0.0306535,,-0.0144554,-0.0249391,0.0320899,
CDW,Information Technology,1.66867e+10,2.21419e+10,5.817e+09,8.602e+08,0.0388494,0.05155,0.0663469,0.0898522,0.111407,-0.0591644,0.0163711,0.075811,0.290916,0.00570856,-0.0573745,0.0702356,
DLR,Real Estate,6.15154e+10,7.51027e+10,1.6014e+10,2.90561e+09,0.0386884,0.0413794,0.0668784,0.0904006,0.111971,0.146306,0.0731426,0.00972732,,-0.0238965,0.0162728,0.0284679,
GPN,Financials,2.14037e+10,3.8413e+10,2.24183e+10,1.48498e+09,0.0386581,0.0384382,0.0669787,0.090504,0.112078,-0.196803,0.0329307,0.0330304,0.102836,-0.0407702,0.0828556,0.086509,financial
RDDT,Communication Services,2.92691e+10,2.64827e+10,0,1.01865e+09,0.0384647,0.0348029,0.0676209,0.0911665,0.112759,,,0.0296419,0.698737,-0.0426222,0.0124881,0,
ITW,Industrials,7.3504e+10,8.2359e+10,9.694e+09,3.15958e+09,0.0383635,0.0397393,0.0679581,0.0915144,0.113117,0.041306,0.00810418,0.0529875,0.529162,-0.00824542,-0.0280441,0.0504462,
WY,Real Estate,1.34525e+10,1.87505e+10,5.825e+09,7.1067e+08,0.0379013,0.036796,0.0695098,0.0931152,0.114763,-0.274264,-0.0494114,0.045012,0.060195,-0.00454188,-0.00441765,0.0490614,
FIX,Industrials,5.93123e+10,5.75116e+10,5.4064e+07,2.16723e+09,0.0376834,0.0364141,0.070248,0.0938768,0.115546,0.790467,0.336023,0.0321553,0.339455,-0.131443,-0.00495077,0.00344829,
SWKS,Information Technology,1.2888e+10,1.20888e+10,0,4.55293e+08,0.0376624,0.0336903,0.0703194,0.0939504,0.115621,-0.330253,-0.0681323,0.0252631,0.220215,-0.0573872,0.00114892,0.0336127,
AZO,Consumer Discretionary,4.51437e+10,5.39064e+10,9.01648e+09,2.02034e+09,0.0374787,0.0361783,0.0709455,0.0945963,0.116286,-0.116385,0.0530598,0.0668278,0.494526,-0.0284091,-0.0525969,0.0391037,
NDAQ,Financials,5.11632e+10,5.94042e+10,8.761e+09,2.22513e+09,0.0374575,0.0381329,0.071018,0.0946711,0.116363,0.0794814,0.127562,0.0435154,0.205333,-0.0102045,-0.0351609,0.0378983,financial
AEP,Utilities,6.4286e+10,1.13324e+11,4.9554e+10,4.24065e+09,0.0374206,0.0403665,0.0711442,0.0948012,0.116496,-0.146851,0.048335,0.0476051,,-0.0285219,0.0142142,0.031531,
WBD,Communication Services,7.76812e+10,1.06335e+11,3.2023e+10,3.95434e+09,0.0371875,0.0280634,0.0719442,0.0956265,0.117345,-0.109006,-0.0482361,-0.0119622,,-0.0677649,0.00467227,0,
MSI,Information Technology,7.37945e+10,8.21165e+10,9.032e+09,3.02539e+09,0.0368427,0.0362764,0.0731372,0.0968572,0.11861,0.214057,0.0822374,0.037118,0.330631,-0.0436545,-0.0197809,0.0247444,
VMC,Materials,3.12385e+10,3.54613e+10,4.363e+09,1.30118e+09,0.036693,0.035738,0.0736579,0.0973949,0.119163,0.195371,0.0206892,0.0467721,0.13387,-0.0413425,-0.0239498,0.0259776,
CARR,Industrials,4.53995e+10,5.61865e+10,1.2158e+10,2.04782e+09,0.0364468,0.037137,0.0745201,0.0982842,0.120078,-0.0618608,0.000747955,0.0320717,,-0.0214866,-0.0421065,0.0591416,
TT,Industrials,9.99092e+10,1.02763e+11,4.6168e+09,3.72022e+09,0.036202,0.0354972,0.0753831,0.0991744,0.120993,0.326012,0.0971631,0.0387757,,-0.0387785,-0.0228119,0.0224063,
PODD,Health Care,9.00148e+09,9.41498e+09,9.484e+08,3.40152e+08,0.0361288,0.032628,0.0756425,0.099442,0.121268,1.13451,0.277337,0.0547744,0.685666,-0.042937,-0.0185397,0.0366051,
WAB,Industrials,4.80062e+10,5.39072e+10,6.571e+09,1.93836e+09,0.0359574,0.0357038,0.0762517,0.10007,0.121914,0.474186,0.10052,0.036433,0.181166,-0.0315635,-0.0134614,0.0150814,
SBAC,Real Estate,1.68728e+10,2.92461e+10,1.27292e+10,1.05072e+09,0.0359269,0.0622731,0.0763603,0.100182,0.122029,-0.0387951,0.0186658,0.0467689,0.183786,-0.0250036,-0.0159799,0.0518333,
IP,Materials,1.71263e+10,2.56173e+10,9.217e+09,9.1702e+08,0.0357969,0.0287278,0.0768246,0.100661,0.122522,-0.18264,0.0426905,,0.187591,-0.166616,-0.00570552,0.0590904,
EME,Industrials,3.3934e+10,3.30096e+10,0,1.18088e+09,0.0357738,0.0345195,0.0769073,0.100747,0.122609,0.202532,0.166649,0.0584872,0.355695,0.014703,-0.0197646,0.0141622,
MCO,Financials,7.75659e+10,8.30159e+10,6.946e+09,2.967e+09,0.0357401,0.0382514,0.0770279,0.100871,0.122737,0.216522,0.138539,0.0440277,0.416899,-0.035707,-0.0396203,0.049184,financial
IEX,Industrials,1.6932e+10,1.81696e+10,1.8589e+09,6.415e+08,0.0353063,0.0378869,0.0785927,0.102485,0.124397,0.0401771,0.0253088,0.040821,0.231255,-0.028456,-0.0238599,0.0303922,
FERG,Industrials,4.2369e+10,4.6836e+10,4.904e+09,1.647e+09,0.0351652,0.0388727,0.0791055,0.103014,0.12494,-0.103,0.0174295,0.0595482,0.502927,0.00067347,-0.0292762,0.0366541,
DASH,Consumer Discretionary,7.95127e+10,7.41657e+10,0,2.595e+09,0.0349892,0.0326363,0.0797484,0.103677,0.125622,0.452395,0.273889,0.00960013,,-0.101682,0.00220571,0.0131929,
CHRW,Industrials,1.7592e+10,1.91224e+10,1.68502e+09,6.68759e+08,0.0349726,0.038015,0.0798094,0.10374,0.125687,-0.285238,-0.0546164,0.0435938,,-0.0089039,-0.0350953,0.0546493,
EMR,Industrials,8.80041e+10,9.89371e+10,1.3113e+10,3.46e+09,0.0349717,0.0393163,0.0798126,0.103743,0.12569,0.179788,0.0427839,,0.225526,-0.0316291,-0.0122941,0.0244307,
MAR,Consumer Discretionary,9.25486e+10,1.09002e+11,1.6915e+10,3.80271e+09,0.0348867,0.0338417,0.0801243,0.104065,0.12602,0.0858965,0.0547824,0.0389903,,-0.0406267,-0.052055,0.0470023,
JNJ,Health Care,6.32321e+11,6.60599e+11,4.9036e+10,2.30435e+10,0.0348827,0.0351783,0.0801392,0.10408,0.126036,0.152073,0.000531562,,0.33075,-0.0326816,-0.0038109,0.0127704,
HUBB,Industrials,2.4056e+10,2.61121e+10,2.573e+09,9.093e+08,0.034823,0.0377994,0.0803586,0.104306,0.126269,0.12007,0.0494975,0.0472425,0.251636,-0.0213598,-0.0123795,0.0111199,
SBUX,Consumer Discretionary,1.07582e+11,1.1725e+11,1.32786e+10,4.08166e+09,0.0348115,0.0338542,0.0804008,0.10435,0.126314,0.0687598,0.0306739,0.0253944,,-0.106136,0.000175454,0.0261317,
MA,Financials,4.8527e+11,4.98622e+11,2.4643e+10,1.72929e+10,0.0346814,0.0344179,0.0808808,0.104845,0.126823,0.144463,0.141448,0.0410431,,-0.0204538,-0.0290199,0.0386197,financial
WM,Industrials,8.11562e+10,1.03955e+11,2.3356e+10,3.573e+09,0.0343706,0.0440262,0.0820345,0.106035,0.128046,0.406553,0.0863334,0.0433841,0.225921,-0.0788958,-0.0114049,0.017608,
KO,Consumer Staples,3.71197e+11,4.04181e+11,4.3558e+10,1.38592e+10,0.0342896,0.0338419,0.082337,0.106347,0.128367,0.0980264,0.0374278,0.035781,0.291987,-0.00892369,-0.00290516,0.0318537,
MDLZ,Consumer Staples,7.40088e+10,9.05208e+10,1.8143e+10,3.0569e+09,0.0337701,0.0347931,0.0842936,0.108365,0.130442,-0.0386247,0.048164,0.0406094,0.158994,-0.0179972,-0.0118873,0.0455486,
CSX,Industrials,8.52509e+10,1.02725e+11,1.8864e+10,3.46513e+09,0.0337321,0.0327973,0.0844379,0.108514,0.130595,-0.0474503,-0.0116227,0.0482454,,-0.0469302,-0.00888099,0.0204807,
NOW,Information Technology,1.39973e+11,1.37391e+11,2.082e+09,4.58e+09,0.0333356,0.0327207,0.085954,0.110077,0.132202,0.257,0.224851,0.0122279,0.347849,-0.114887,-0.0121216,0.0243333,
GNRC,Industrials,1.2127e+10,1.30746e+10,1.21253e+09,4.3258e+08,0.0330856,0.0312731,0.0869195,0.111073,0.133225,1.88304,0.0330821,0.0322372,0.304055,-0.0502305,-0.000194231,0,
PH,Industrials,1.20738e+11,1.27709e+11,7.472e+09,4.22179e+09,0.0330578,0.0323427,0.0870272,0.111184,0.133339,0.145323,0.0408601,0.0396839,0.262396,-0.0231888,-0.0324132,0.0182047,
RVTY,Health Care,1.70649e+10,1.92472e+10,3.20525e+09,6.32367e+08,0.032855,0.0327053,0.0878165,0.111998,0.134176,0.518767,0.0968247,0.0186441,,-0.0323829,-0.0519625,0.0297418,
SNPS,Information Technology,9.22251e+10,9.86548e+10,1.00374e+10,3.24072e+09,0.0328491,0.0297935,0.0878396,0.112022,0.134201,0.197386,0.194297,0.00813296,0.142797,-0.0390096,0.16997,0.00325291,
AME,Industrials,5.68935e+10,5.84342e+10,2.03617e+09,1.90112e+09,0.0325343,0.0320766,0.0890744,0.113295,0.13551,0.119812,0.0699235,0.0348596,0.172293,-0.0231441,-0.00959676,0.013043,
DHR,Health Care,1.54615e+11,1.76825e+11,2.6558e+10,5.69668e+09,0.0322165,0.0353524,0.0903337,0.114594,0.136844,-0.0878376,-0.0613217,0.0289948,0.15905,-0.0284842,-0.0226634,0.025017,
ROK,Industrials,4.85022e+10,5.05952e+10,2.572e+09,1.61302e+09,0.0318809,0.0310089,0.0916774,0.115979,0.138269,0.236058,0.0134134,0.0402212,0.441169,-0.0478767,-0.0174192,0.0295657,
KMI,Energy,6.74053e+10,9.95643e+10,3.2248e+10,3.158e+09,0.0317182,0.0468509,0.092334,0.116656,0.138964,-0.0163395,0.0155817,0.0523983,,-0.0417218,0.00215882,0.0389732,
EW,Health Care,4.93888e+10,4.57348e+10,5.987e+08,1.44972e+09,0.0316983,0.0290268,0.0924146,0.116739,0.13905,0.268593,0.0480456,0.0316826,0.365549,-0.0515897,-0.019755,0.0243861,
CSCO,Information Technology,4.26667e+11,4.40282e+11,2.9533e+10,1.39283e+10,0.031635,0.0299226,0.0926712,0.117004,0.139322,-0.124687,0.0357109,0.0349049,0.315188,-0.0070196,-0.0139572,0.0296695,
VRT,Industrials,9.39371e+10,9.40663e+10,2.9398e+09,2.97128e+09,0.031587,0.031189,0.0928659,0.117205,0.139528,1.00169,0.215593,0.0231177,0.27462,-0.102019,-0.0125413,0.000915506,
ORLY,Consumer Discretionary,6.79567e+10,7.47091e+10,7.01454e+09,2.35595e+09,0.031535,0.0317299,0.0930773,0.117423,0.139752,-0.061948,0.0686103,0.0486156,0.551498,-0.0367509,-0.0593663,0.0493453,
DIS,Communication Services,1.76303e+11,2.17159e+11,4.6041e+10,6.84809e+09,0.0315349,0.0470382,0.0930781,0.117423,0.139753,0.428488,0.040316,0.0839844,,-0.0409739,-0.0443561,0.0594657,
PKG,Materials,2.01919e+10,2.3567e+10,3.9689e+09,7.424e+08,0.0315017,0.0367672,0.0932132,0.117563,0.139896,-0.0347489,0.0587993,0.0439386,0.174037,-0.0846353,-0.00673053,0.0326814,
LEN,Consumer Discretionary,1.92019e+10,2.29031e+10,5.875e+09,7.16773e+08,0.0312959,0.0373283,0.0940545,0.11843,0.140788,-0.484143,0.00835496,,,0.021731,-0.077914,0.0912165,
VRTX,Health Care,1.3002e+11,1.22168e+11,0,3.80661e+09,0.0311588,0.0291962,0.094618,0.119011,0.141385,-0.00714959,0.0981433,0.0391027,0.394715,0.00409506,-0.0212322,0.0154276,
ODFL,Industrials,3.61671e+10,3.59032e+10,1.9997e+07,1.11477e+09,0.0310493,0.0308227,0.0950699,0.119477,0.141864,0.19868,-0.0198962,0.0403233,,-0.053147,-0.0229194,0.0216563,
IDXX,Health Care,4.11474e+10,4.14003e+10,4.49864e+08,1.28418e+09,0.0310187,0.0304839,0.0951965,0.119608,0.141998,0.283842,0.0901933,0.0352317,0.825978,-0.0673537,-0.0277018,0.0285756,
HLT,Consumer Discretionary,7.13073e+10,8.36413e+10,1.3343e+10,2.55751e+09,0.0305771,0.0284543,0.0970378,0.121506,0.143949,0.0321953,0.0853557,0.0348512,,-0.0310137,-0.0600747,0.0485785,
NUE,Materials,5.25327e+10,5.68107e+10,6.97e+09,1.69755e+09,0.0298808,0.0301336,0.099997,0.124557,0.147085,-0.373247,-0.0122241,,0.151134,-0.0416734,-0.0171494,0.0225954,
TMO,Health Care,2.4644e+11,2.84925e+11,4.2549e+10,8.47693e+09,0.0297514,0.0296948,0.100555,0.125132,0.147676,0.0772419,0.0210882,0.0285864,,-0.0180784,-0.0220744,0.0229751,
STLD,Materials,3.17572e+10,3.53716e+10,4.18214e+09,1.04475e+09,0.0295363,0.0300896,0.101487,0.126093,0.148664,-0.317908,0.00139717,0.058139,0.175849,0.00208427,-0.0385415,0.033443,
CASY,Consumer Staples,2.25764e+10,2.44828e+10,2.43052e+09,7.21482e+08,0.0294689,0.0287436,0.101781,0.126397,0.148975,0.204357,0.0877261,,,-0.0675764,-0.0105478,0.0132826,
STT,Financials,4.73249e+10,6.87389e+10,2.5704e+10,2.019e+09,0.029372,0.0426625,0.102204,0.126833,0.149424,-0.340009,0.0689914,,,-4.3023e-05,-0.0558831,0.0582146,financial
MLM,Materials,2.84487e+10,3.42877e+10,5.951e+09,9.9249e+08,0.028946,0.0284723,0.104083,0.12877,0.151414,0.065826,-0.008746,0.0384395,0.0851913,0.0440272,-0.00554783,0.0141307,
A,Health Care,4.82394e+10,4.67854e+10,3.04e+08,1.35074e+09,0.028871,0.0262648,0.104417,0.129114,0.151767,-0.0372887,0.0177003,0.0350323,0.284098,-0.0120999,-0.0108344,0.0138061,
MTD,Health Care,3.02585e+10,3.23191e+10,2.11196e+09,9.18744e+08,0.0284273,0.0285529,0.106408,0.131167,0.153878,0.00217735,0.0149066,,0.678552,-0.0189477,-0.0344429,0.0256126,
AAPL,Information Technology,4.82805e+12,4.84799e+12,8.2347e+10,1.36683e+11,0.0281937,0.0283102,0.10747,0.132261,0.155002,0.106156,0.0673305,0.0319429,0.592599,-0.0464273,-0.0239667,0.0202703,
Q,Information Technology,2.62986e+10,2.93576e+10,4.02e+09,8.25e+08,0.0281018,0.0313705,0.10789,0.132694,0.155447,,,,0.168027,-0.040681,,0.00178717,
KDP,Consumer Staples,4.23625e+10,7.08255e+10,2.998e+10,1.97e+09,0.0278148,0.0465034,0.109211,0.134056,0.156847,0.064318,0.113106,0.0460286,0.113252,-0.0125544,-0.00144951,0.0294836,
CSGP,Real Estate,1.10741e+10,1.08021e+10,9.94e+08,2.98997e+08,0.0276797,0.0252663,0.109838,0.134703,0.157511,-0.18124,0.152844,0.00712828,0.275925,-0.0417891,-0.0460659,0.0923962,
DOC,Real Estate,1.34596e+10,2.18649e+10,1.00322e+10,6.02302e+08,0.0275465,0.0249694,0.110459,0.135343,0.158168,,0.117105,,0.0844802,-0.0455594,-0.00818471,0.0704071,
CRL,Health Care,1.40916e+10,1.6525e+10,2.62544e+09,4.5455e+08,0.0275069,0.0262998,0.110645,0.135534,0.158365,0.0859786,-0.0145155,0.00545502,,-0.108947,-0.0325026,0.0229975,
GRMN,Consumer Discretionary,5.55696e+10,5.28686e+10,0,1.45156e+09,0.0274559,0.0261214,0.110883,0.13578,0.158617,0.187485,0.149425,0.0373552,0.40302,-0.00112879,-0.00289845,0.0124701,
MCHP,Information Technology,4.22678e+10,4.73568e+10,5.3613e+09,1.27893e+09,0.0270063,0.0262824,0.11301,0.137972,0.16087,-0.304244,-0.163898,0.0167832,0.214008,-0.0499466,0.00703877,0.0233133,
ES,Utilities,2.39414e+10,5.12337e+10,2.91116e+10,1.37999e+09,0.0269352,0.012435,0.11335,0.138322,0.16123,,0.0337831,0.0588707,,-0.0470084,0.0208099,0.0473027,
CVNA,Consumer Discretionary,4.45197e+10,4.70627e+10,5.173e+09,1.26317e+09,0.0268402,0.0208672,0.113805,0.138791,0.161712,,0.285459,0.0475323,0.333562,0.0307861,0.112797,0,
NRG,Utilities,2.00867e+10,4.31807e+10,2.3256e+10,1.15775e+09,0.0268118,0.0173249,0.113941,0.138932,0.161856,,0.028634,0.0466644,,-0.0176765,0.0699947,0.102058,
TPL,Energy,2.29302e+10,2.26816e+10,0,6.05248e+08,0.0266846,0.0263038,0.114554,0.139563,0.162505,0.113185,0.11311,0.0296488,,-0.0332002,-0.000957241,0.00719772,
JCI,Industrials,9.20115e+10,9.99545e+10,8.641e+09,2.666e+09,0.0266721,0.0289746,0.114614,0.139625,0.162569,0.216197,-0.0280742,,0.232909,0.0128539,-0.0746442,0.0708716,
MNST,Consumer Staples,8.21724e+10,7.87532e+10,0,2.09792e+09,0.0266391,0.0255307,0.114774,0.13979,0.162738,0.158723,0.112742,0.0341369,0.449892,-0.00976007,-0.00455419,0.00268936,
NSC,Industrials,6.91502e+10,8.46972e+10,1.6616e+10,2.25194e+09,0.0265881,0.0235863,0.115021,0.140044,0.162999,-0.0654135,-0.00400806,0.0476521,,-0.0242897,-0.00263058,0.0187274,
DELL,Information Technology,3.48931e+11,3.71828e+11,3.4466e+10,9.82953e+09,0.0264357,0.0245321,0.115762,0.140808,0.163784,0.175496,0.173269,0.0383296,0.234982,-0.00607569,-0.0508331,0.0288997,
IFF,Materials,2.09274e+10,2.60574e+10,5.699e+09,6.8773e+08,0.0263929,0.0258035,0.115971,0.141023,0.164005,0.198086,-0.0831505,0.0281686,0.141329,-0.0356603,-0.00722462,0.0247522,
CAT,Industrials,3.75968e+11,4.05465e+11,3.621e+10,1.0698e+10,0.0263845,0.0284545,0.116011,0.141065,0.164049,0.0734428,0.0488246,0.0322888,0.250095,-0.0265571,-0.0253996,0.0266938,captive finance
ADI,Information Technology,1.92763e+11,1.98554e+11,8.11648e+09,5.21467e+09,0.0262632,0.0256144,0.116606,0.141678,0.164678,0.101936,0.0264302,0.0248541,0.188627,-0.0291242,-0.024786,0.0268195,
GWW,Industrials,5.93307e+10,6.11497e+10,2.408e+09,1.57399e+09,0.0257399,0.0254506,0.119201,0.144353,0.167426,0.0359983,0.0556947,0.0448898,0.771886,-0.0317114,-0.0209892,0.0251809,
ECL,Materials,7.51953e+10,8.32362e+10,1.31762e+10,2.13496e+09,0.0256494,0.0249284,0.119655,0.144821,0.167907,0.122172,0.0448779,0.0342651,0.248267,-0.0314231,-0.0179292,0.0272836,
LLY,Health Care,1.08294e+12,1.12877e+12,5.4908e+10,2.87906e+10,0.025506,0.0259327,0.120379,0.145566,0.168673,0.66112,0.392325,,0.466962,-0.00964486,0.04515,0.0110417,
ILMN,Health Care,4.114e+10,3.9972e+10,0,1.00842e+09,0.0252282,0.0226301,0.121792,0.147023,0.17017,,0.00245976,0.0220905,0.448571,-0.0407519,-0.038966,0.0131745,
GE,Industrials,3.24238e+11,3.3405e+11,1.9157e+10,8.396e+09,0.0251339,0.0258945,0.122275,0.147521,0.170682,0.207992,-0.110917,,,-0.0064932,-0.0317186,0.0258082,
PWR,Industrials,9.91334e+10,1.04732e+11,6.10488e+09,2.62371e+09,0.0250517,0.0241206,0.122699,0.147957,0.17113,0.498517,0.214822,0.0194378,0.179768,-0.0654385,-0.00384781,0.000643506,
AVGO,Information Technology,1.66161e+12,1.69705e+12,5.9419e+10,4.18646e+10,0.0246691,0.0237138,0.124687,0.150006,0.173234,0.313918,0.359598,0.0252285,0.325685,-0.0126921,-0.0179314,0.0123543,
CTAS,Industrials,7.82652e+10,8.04042e+10,2.42807e+09,1.96514e+09,0.0244408,0.0240359,0.125888,0.151244,0.174506,0.14091,0.0851437,0.0324176,0.542095,-0.0262426,-0.0249661,0.021128,
FTNT,Information Technology,1.30576e+11,1.28138e+11,4.969e+08,3.13122e+09,0.0244363,0.0238712,0.125911,0.151268,0.17453,0.163708,0.147056,0.0190591,0.555962,-0.117449,-0.051772,0.0219145,
TECH,Health Care,1.13607e+10,1.1296e+10,2e+08,2.70831e+08,0.0239758,0.0231696,0.12837,0.153802,0.177133,0.0678827,0.0224636,0.0222991,0.308912,-0.0426149,-0.0183161,0.00806209,
APH,Information Technology,2.10001e+11,2.23394e+11,1.88113e+10,5.21298e+09,0.0233354,0.022446,0.131873,0.157411,0.180841,0.34382,0.321802,0.0351013,0.249262,-0.0162543,-0.0313109,0.00822518,
ETN,Industrials,1.67239e+11,1.85064e+11,1.852e+10,4.28555e+09,0.0231571,0.0235232,0.132865,0.158433,0.181891,0.132841,0.10845,,0.19188,-0.0199534,-0.00769432,0.0132804,
NVDA,Information Technology,5.55144e+12,5.51324e+12,3.3366e+10,1.27373e+11,0.023103,0.022878,0.133168,0.158745,0.182212,1.20177,1.10072,0.0358372,0.706403,0.18272,-0.0177665,0.0111847,
META,Communication Services,1.8613e+12,1.8547e+12,8.3664e+10,4.25497e+10,0.0229415,0.0220147,0.134076,0.159681,0.183173,0.194633,0.237208,0.0468679,0.414676,-0.138242,-0.00155763,0.00467093,
FLEX,Information Technology,4.14634e+10,4.38424e+10,5.219e+09,1.00296e+09,0.0228765,0.0199212,0.134444,0.16006,0.183562,0.547243,-0.0118761,0.0330502,0.108818,-0.0233749,-0.0309112,0.01681,
COST,Consumer Staples,4.04417e+11,3.90091e+11,5.67e+09,8.92134e+09,0.0228699,0.0217745,0.134481,0.160098,0.183602,0.147829,0.0763437,0.0287753,0.437371,-0.0712947,-0.0028893,0.00788789,
WDC,Information Technology,1.60789e+11,1.60262e+11,1.052e+09,3.64135e+09,0.0227213,0.0218361,0.135326,0.160968,0.184495,,0.0160059,0.0277858,0.455306,0.396436,0.00428314,0.0172027,
CBRE,Real Estate,3.70888e+10,4.13998e+10,5.8e+09,9.38e+08,0.0226571,0.0252907,0.135692,0.161346,0.184883,0.221932,0.1225,0.0478263,0.26412,-0.00196909,-0.0353952,0.0331097,
MU,Information Technology,1.1844e+12,1.1641e+12,5.722e+09,2.63537e+10,0.0226387,0.0220973,0.135797,0.161454,0.184995,,0.706261,0.0508917,0.48848,-0.00718057,0.00389742,0.00102752,
BLK,Financials,1.74234e+11,1.76486e+11,1.2744e+10,3.94397e+09,0.0223473,0.0201741,0.137476,0.163184,0.186771,-0.0350411,0.163007,0.0503781,,0.0149993,0.0523265,0,financial
LIN,Materials,2.13913e+11,2.32167e+11,2.3152e+10,5.17329e+09,0.0222826,0.0232571,0.137852,0.163571,0.187169,-0.0271347,0.0231892,0.0403933,,-0.0367293,-0.0269511,0.0324197,
TDG,Industrials,5.99703e+10,8.99573e+10,3.276e+10,1.927e+09,0.0214213,0.0321326,0.142966,0.16884,0.19258,0.223939,0.170278,0.0512243,0.222808,-0.00257905,-0.0498173,0.118375,
ANET,Information Technology,2.58923e+11,2.4558e+11,0,5.1553e+09,0.0209924,0.0199105,0.145593,0.171546,0.195359,0.76036,0.260541,0.018515,0.279978,-0.0532038,-0.00787814,0.00239492,
BEN,Financials,1.61568e+10,1.47978e+10,2.4019e+09,3.0191e+08,0.0204023,0.0143345,0.149299,0.175364,0.199281,-0.40061,0.0611939,0.0611913,,0.0147615,-0.0164425,0.0746309,financial
FAST,Industrials,5.70192e+10,5.69345e+10,1.2e+08,1.15946e+09,0.0203647,0.0202721,0.149539,0.175611,0.199534,0.0260743,0.0651462,0.031178,0.73885,-0.0088977,-0.00226591,0.0185201,
TXN,Information Technology,2.56422e+11,2.63473e+11,1.4052e+10,5.355e+09,0.0203247,0.0208836,0.149795,0.175875,0.199805,0.189469,0.0110702,0.0275323,0.316203,-0.0728778,0.00136714,0.0226931,
TSCO,Consumer Discretionary,1.59959e+10,1.79182e+10,2.15383e+09,3.60488e+08,0.0201186,0.0191912,0.151121,0.177241,0.201208,-0.223648,0.021866,0.0748394,0.472208,-0.0225218,-0.0212017,0.0587774,
PEG,Utilities,3.3424e+10,5.6823e+10,2.3591e+10,1.11103e+09,0.0195525,0.00825753,0.154839,0.18107,0.20514,-0.18773,0.0267786,0.0510708,,-0.0268648,-0.00316494,0.0388044,
HWM,Industrials,9.08928e+10,9.48308e+10,4.501e+09,1.791e+09,0.0188863,0.0197045,0.159359,0.185726,0.209921,0.456205,0.13734,0.02631,,-0.0264131,-0.0178896,0.011002,
GLW,Information Technology,1.37047e+11,1.42967e+11,8.424e+09,2.67703e+09,0.0187248,0.0174758,0.16048,0.18688,0.211106,1.10987,0.0840826,0.018172,0.18725,-0.0611421,-0.00418408,0.00118937,
MSFT,Information Technology,3.82495e+12,3.78841e+12,4.0294e+10,6.93973e+10,0.0183183,0.0175132,0.163346,0.189832,0.214137,0.040444,0.16124,0.0409769,0.2973,-0.064857,-0.00529928,0.0127364,
WMT,Consumer Staples,8.28283e+11,8.56686e+11,3.9932e+10,1.49776e+10,0.0174832,0.0163096,0.169451,0.196118,0.220591,-0.110903,0.0526854,0.0376801,0.631671,-0.0709289,-0.0103142,0.0177343,
WST,Health Care,2.60038e+10,2.57709e+10,2.029e+08,4.40455e+08,0.0170911,0.0168014,0.172423,0.199179,0.223733,0.0326111,0.0509535,0.0264018,0.300216,-0.0238691,-0.0297376,0.0198701,
CIEN,Information Technology,5.22855e+10,5.28854e+10,3.22984e+09,8.69631e+08,0.0164437,0.0155753,0.17749,0.204396,0.22909,,0.125053,0.0139727,0.331804,-0.0500514,-0.0187949,0.00807845,
CDNS,Information Technology,9.57357e+10,9.41749e+10,0,1.52395e+09,0.0161821,0.014936,0.179597,0.206566,0.231317,0.0802736,0.133055,0.0165846,,-0.0352588,0.0106322,0.00809548,
STX,Information Technology,2.0582e+11,2.07681e+11,3.565e+09,3.32936e+09,0.0160311,0.015086,0.18083,0.207835,0.23262,0.705411,0.182034,0.0197129,0.557361,-0.0491376,0.0434854,0.00393547,
NTRS,Financials,3.06579e+10,2.82522e+10,3.3312e+09,4.453e+08,0.0157616,0.0145248,0.183061,0.210132,0.234977,-0.463211,0.0802847,,,0.00954895,-0.0553869,0.0637128,financial
FCX,Materials,9.93145e+10,1.04621e+11,9.386e+09,1.605e+09,0.0153412,0.0161608,0.186622,0.213798,0.238741,0.612224,0.0572853,0.0661725,0.1172,-0.0494751,-0.00485061,0.0107638,
DD,Industrials,1.73449e+10,1.87299e+10,3.125e+09,2.83e+08,0.0151095,0.016316,0.188628,0.215863,0.24086,-0.0982911,-0.315133,,0.0589716,-0.0177579,-0.906628,0.0240416,
KLAC,Information Technology,2.60107e+11,2.64345e+11,5.88742e+09,3.99184e+09,0.0151009,0.014483,0.188703,0.215941,0.24094,0.0421573,0.0896465,,0.463716,0.0383083,-0.0234146,0.0128701,
AMAT,Information Technology,4.23134e+11,4.20345e+11,6.444e+09,5.84183e+09,0.0138977,0.0132889,0.19968,0.22724,0.252538,-0.0696149,0.0512533,0.0217464,0.350007,0.0200129,-0.0105323,0.00837323,
GOOG,Communication Services,4.16118e+12,4.01887e+12,1.00164e+11,5.50521e+10,0.0136984,0.0128024,0.201595,0.229211,0.25456,-0.0917096,0.15479,0.0367337,0.294492,0.0634827,0.0090587,0.00652699,
DOW,Materials,1.94312e+10,3.33682e+10,1.8047e+10,4.5372e+08,0.0135974,-0.0119396,0.202576,0.230221,0.255597,,-0.0721931,,0.0418535,-0.0822014,0.01572,0.0642266,
GOOGL,Communication Services,4.2018e+12,4.05949e+12,1.00164e+11,5.50521e+10,0.0135613,0.0126786,0.202929,0.230584,0.255969,-0.0917096,0.15479,0.0363661,0.294492,0.0634827,0.0090587,0.0064639,
BNY,Financials,9.66326e+10,1.19518e+11,3.0368e+10,1.592e+09,0.0133202,0.0164748,0.20531,0.233035,0.258484,-0.42783,0.0703105,,,0.00519791,-0.0593704,0.0582102,financial
PANW,Information Technology,3.21993e+11,3.18922e+11,0,4.113e+09,0.0128966,0.0127736,0.209607,0.237457,0.263023,0.160562,0.185362,0.00217921,0.166674,-0.0876187,0.142584,0.00310565,
TER,Information Technology,6.48533e+10,6.45037e+10,0,8.08907e+08,0.0125405,0.0123345,0.213335,0.241294,0.26696,0.200019,0.15987,0.0209184,0.5369,0.0173113,-0.0239793,0.00894171,
DDOG,Information Technology,1.01466e+11,9.64801e+10,0,1.19111e+09,0.0123457,0.0116504,0.215422,0.243442,0.269164,0.375565,0.278734,0.000169247,0.417881,-0.139308,0.033708,0,
EIX,Utilities,2.05976e+10,6.07366e+10,4.0307e+10,7.4898e+08,0.0123316,-0.0312172,0.215574,0.243599,0.269325,,0.0451886,0.0993305,,-0.0259222,-0.0031294,0.0641821,
LRCX,Information Technology,4.23923e+11,4.22065e+11,3.72206e+09,5.01519e+09,0.0118825,0.0115381,0.220528,0.248697,0.274556,0.0150157,0.100558,0.0194278,0.498319,0.0598281,-0.0305525,0.0120823,
TTWO,Communication Services,3.79341e+10,3.86272e+10,2.5197e+09,4.52287e+08,0.011709,0.008897,0.222495,0.250721,0.276633,,0.0652061,-0.00417581,0.413407,-0.090532,,0,
WAT,Health Care,4.27787e+10,4.71257e+10,4.886e+09,5.16766e+08,0.0109657,0.00932978,0.231288,0.259769,0.285916,-0.112874,0.157807,0.00697348,0.135567,-0.0155034,0.498901,0.000335634,
WELL,Real Estate,1.61637e+11,1.74867e+11,1.79336e+10,1.87298e+09,0.0107109,0.0115876,0.234448,0.26302,0.289251,0.267059,0.236868,,0.0697073,-0.0229866,0.0549963,0.0121636,
TRGP,Energy,5.81998e+10,7.70875e+10,1.902e+10,7.409e+08,0.00961116,0.0127303,0.249073,0.278065,0.304686,-0.0466977,-0.0209449,0.0497577,0.253585,-0.070766,-0.0132908,0,
WMB,Energy,8.36157e+10,1.13731e+11,3.0318e+10,1.0691e+09,0.00940027,-0.00129162,0.25208,0.281159,0.307859,,0.0195599,0.040974,,-0.0481934,-0.000912401,0.0299585,
MPWR,Information Technology,6.6549e+10,6.51352e+10,0,5.85537e+08,0.00898956,0.00879859,0.258149,0.287402,0.314263,0.241213,0.209998,0.0144341,0.385521,-0.00380841,0.0231376,0.00505163,
AMD,Information Technology,9.95962e+11,9.86077e+11,3.226e+09,8.51913e+09,0.00863941,0.00843707,0.263561,0.292968,0.319972,0.651062,0.23598,0.00657961,0.260182,-0.0431663,0.00151728,0.000311257,
CEG,Utilities,9.29313e+10,1.11708e+11,1.9474e+10,9.2757e+08,0.0083035,0.00332504,0.268978,0.29854,0.325686,,0.0581212,0.0411429,,-0.00754175,0.120772,0.0271383,
MRVL,Information Technology,2.33188e+11,2.34218e+11,4.9629e+09,1.90106e+09,0.0081166,0.00741933,0.272094,0.301745,0.328973,0.306493,0.189262,0.006666,0.179066,0.0159538,0.00744008,0.00904591,
PLTR,Information Technology,4.86406e+11,4.76997e+11,0,3.35827e+09,0.00704044,0.00690425,0.291675,0.321881,0.349623,1.07599,0.443887,0.00552341,0.446973,-0.0328464,0.00225349,0.000154161,
AXON,Industrials,3.37416e+10,3.48e+10,1.73182e+09,2.23627e+08,0.00642608,0.00394742,0.304349,0.334913,0.362985,0.0634395,0.330892,0.000683162,0.255626,-0.00889047,-0.0100991,0,
CRWD,Information Technology,2.71399e+11,2.67131e+11,7.46216e+08,1.62977e+09,0.006101,0.0059275,0.311592,0.34236,0.370621,0.240636,0.268699,-0.000447304,0.33766,-0.16284,0.024017,0,
INTC,Information Technology,6.01068e+11,6.21878e+11,5.0537e+10,3.7395e+09,0.00601323,0.00470995,0.313619,0.344443,0.372757,,0.0180998,-0.000123818,0.108759,-0.129545,0.143665,0,
TSLA,Consumer Discretionary,1.41463e+12,1.37245e+12,1.34e+09,6.02586e+09,0.0043906,0.00407315,0.358159,0.390227,0.419688,-0.0221767,0.0329058,0.00318556,0.131521,-0.100193,0.115424,0,
RCL,Consumer Discretionary,7.10059e+10,9.29669e+10,2.2836e+10,3.9691e+08,0.00426937,-0.00585867,0.362177,0.394356,0.423921,,0.158826,0.0549013,0.205313,-0.0534898,-0.0278307,0.0437006,
IRM,Real Estate,3.28604e+10,5.00053e+10,1.73496e+10,2.01749e+08,0.00403455,-0.0149397,0.370323,0.402728,0.432501,,0.130208,0.0283648,,-0.0563292,0.00788722,0.0303372,
BE,Industrials,7.93044e+10,7.94156e+10,2.60264e+09,2.67543e+08,0.0033689,0.00289466,0.396535,0.429662,0.460103,,0.225341,0.00206587,0.155258,-0.0624504,0.201465,1.19413e-05,
LITE,Information Technology,9.54188e+10,9.43178e+10,1.6374e+09,3.17322e+08,0.00336439,0.00314508,0.396731,0.429863,0.460309,0.80184,0.194819,0.00556417,0.171865,-1.05186,0.253706,0,
P,Information Technology,4.40626e+10,4.36769e+10,0,1.28997e+08,0.00295343,0.00290879,0.415914,0.449573,0.480505,-0.344911,0.155273,0.00513337,0.569339,-0.0334309,-0.0134339,0.00757,
HOOD,Financials,1.02714e+11,9.7352e+10,0,2.45e+08,0.00251664,0.00238526,0.439768,0.474077,0.505611,-0.404984,0.435299,,,0.0323077,0.00315447,0.00847986,financial
AEE,Utilities,2.733e+10,4.7906e+10,2.0588e+10,-7.4667e+08,-0.0155862,-0.0512258,,,,,0.022919,0.0454223,,-0.0329585,0.0191211,0.0291987,negative FCF
AES,Utilities,1.06409e+10,8.78794e+09,0,-5.8714e+08,-0.066812,-0.16164,,,,,0.00259241,,0.0488403,-0.0582617,0.00201851,0.0471763,negative FCF
AMZN,Consumer Discretionary,2.66476e+12,2.67399e+12,1.32224e+11,-8.99351e+09,-0.00336332,-0.0043625,,,,,0.129677,0.0350457,0.359418,-0.0238407,-0.00182347,0,negative FCF
APD,Materials,6.01229e+10,5.99119e+10,7.695e+08,-1.26652e+08,-0.00211397,-0.00501307,,,,,-0.00976473,-0.00989954,0.0998823,-0.114181,-0.000962644,0.0265856,negative FCF
ARES,Financials,,,0,9.12125e+08,,,,,,,0.18916,,,-0.00930672,,,financial
ATO,Utilities,2.61932e+10,3.59235e+10,1.02513e+10,-1.90774e+09,-0.0531055,-0.0771307,,,,,0.0372318,0.0506483,,-0.0195389,0.0473651,0.024134,negative FCF
AWK,Utilities,2.53002e+10,3.95982e+10,1.4489e+10,-5.165e+08,-0.0130435,-0.0407112,,,,,0.0952177,0.0492952,,-0.0330837,0.0189425,0.0260077,negative FCF
BA,Industrials,1.47677e+11,1.73555e+11,4.59e+10,-2.1e+08,-0.00120999,-0.00142203,,,,,0.0849088,0.0265046,0.0265087,-0.0072587,0.0436665,0.00233618,negative FCF
BG,Consumer Staples,2.07163e+10,3.36703e+10,1.4553e+10,-6.0405e+08,-0.0179402,-0.0560429,,,,,0.0808165,,0.075206,0.00199681,0.358248,0.0509261,negative FCF
BRK-B,Financials,,,0,2.8319e+10,,,,,,-0.0229405,0.0492765,,,0.0309832,,,financial
C,Financials,2.35074e+11,-6.2627e+10,5.1878e+10,-7.4152e+10,,-0.315441,,,,,0.0326369,,,0.0308362,-0.0106209,0.0792176,financial
CNP,Utilities,2.39361e+10,4.52181e+10,2.2476e+10,-1.92624e+09,-0.0425989,-0.111631,,,,,0.00515252,0.0468618,0.196668,-0.0269039,0.000191834,0.024273,negative FCF
COHR,Information Technology,6.21467e+10,6.33819e+10,3.22222e+09,-1.0234e+09,-0.0161465,-0.0164674,,,,,0.113193,,0.14585,0.0396443,0.235415,0,negative FCF
DUK,Utilities,8.80125e+10,1.73745e+11,8.7872e+10,-3.6573e+08,-0.00210499,-0.0374833,,,,,0.0437125,0.0518462,,-0.0329516,0.00333576,0,negative FCF
ECHO,Communication Services,3.14543e+10,4.83899e+10,1.74317e+10,-7.25181e+08,-0.0149862,-0.023055,,,,,0.979253,-0.341308,,-0.141725,7.10907,0.0015423,negative FCF
EQIX,Real Estate,9.93649e+10,9.84399e+10,1.299e+09,-4.2549e+08,-0.00432233,-0.00880593,,,,,0.0825748,0.0217188,0.122918,-0.0586474,0.00632048,0.0196951,negative FCF
ERIE,Financials,,,0,5.53083e+08,,,,,,0.158517,0.1073,,,-0.0339543,,,financial
ETR,Utilities,4.51697e+10,7.42747e+10,3.26761e+10,-1.7382e+09,-0.0234024,-0.0627327,,,,,-0.000770517,0.0413922,,-0.0482955,0.0268544,0.0245467,negative FCF
EVRG,Utilities,1.79881e+10,3.14837e+10,1.3514e+10,-5.93643e+08,-0.0188556,-0.0610348,,,,,0.0107912,0.0495399,,-0.0312051,-0.0094427,0.034306,negative FCF
EXC,Utilities,4.1046e+10,9.0518e+10,5.0185e+10,-2.163e+09,-0.0238958,-0.052697,,,,,0.0760753,0.0576349,,-0.034021,0.0110144,0.0400526,negative FCF
FDXF,Industrials,1.62825e+10,2.05585e+10,4.527e+09,-1.6697e+08,-0.00812169,-0.0130201,,,,,,0.0262665,,0.070889,,0.00294795,negative FCF
FE,Utilities,2.48349e+10,5.15379e+10,2.6755e+10,-7.5255e+08,-0.0146019,-0.0702236,,,,,0.0640355,0.0442393,,-0.037704,0.000745699,0.0413933,negative FCF
HII,Industrials,1.06856e+10,1.33756e+10,2.702e+09,-7.58e+06,-0.000566705,-0.00795466,,,,,0.0655271,0.0521847,,0.0247595,0.000116694,0.0202142,negative FCF
HONA,Industrials,4.89898e+10,6.37858e+10,1.5853e+10,,,,,,,,,,,,,0,negative FCF
HSY,Consumer Staples,,,5.18914e+09,2.40782e+09,,,,,,0.104238,0.0385706,,0.334085,-0.0835525,,,share count mismatch
JPM,Financials,8.70848e+11,6.33467e+11,7.243e+10,-1.62534e+11,-0.256578,-0.186639,,,,,0.107188,,,0.0453834,-0.0497229,0.0562475,financial
LUV,Industrials,2.04367e+10,2.25917e+10,5.946e+09,-2.99e+08,-0.013235,-0.0223618,,,,,0.0616123,0.0460789,,-0.0561384,-0.100631,0.0939488,negative FCF
MOS,Materials,6.56137e+09,1.11018e+10,4.8344e+09,-7.56315e+08,-0.0681256,-0.144345,,,,,-0.100484,-0.0152949,0.0545926,-0.0439314,-0.00346793,0.0426893,negative FCF
MRNA,Health Care,7.88691e+10,7.43221e+10,5.91e+08,-1.244e+09,-0.016738,-0.015773,,,,,-0.406436,-0.0446705,0.0475322,-0.189581,0.0285471,2.53585e-05,negative FCF
MS,Financials,2.89856e+11,5.12877e+11,3.83156e+11,-1.5587e+10,-0.0303913,-0.053775,,,,,0.132645,,,0.0213378,-0.0141828,0.023384,financial
NCLH,Consumer Discretionary,6.65593e+09,2.14726e+10,1.50348e+10,-1.18539e+09,-0.0552049,-0.178096,,,,,0.123407,0.0713635,0.179547,-0.0561786,0.0245922,0,negative FCF
NI,Utilities,1.86117e+10,3.52527e+10,1.6711e+10,-4.87459e+08,-0.0138276,-0.0583611,,,,,0.0550358,0.0527704,,-0.0372394,0.0156784,0.0300617,negative FCF
ORCL,Information Technology,4.12816e+11,3.82938e+11,7.199e+09,-2.46878e+10,-0.0644696,-0.069571,,,,,0.120928,0.0602109,,-0.0923963,0.0386838,0.0146167,negative FCF
PCG,Utilities,3.20273e+10,9.38983e+10,6.2843e+10,-1.81321e+09,-0.0193104,-0.133105,,,,,0.0508792,0.055017,,-0.035092,0.196038,0.00586999,negative FCF
PNW,Utilities,1.11974e+10,2.17391e+10,1.05508e+10,-5.12566e+08,-0.0235781,-0.0784589,,,,,0.0690642,0.0524264,,-0.0347159,-0.00549462,0.0385252,negative FCF
PPL,Utilities,2.44326e+10,4.32096e+10,2.0018e+10,-9.5682e+08,-0.0221437,-0.0663868,,,,,0.0244126,0.0508221,,-0.0314012,0.013124,0.0329887,negative FCF
PSKY,Communication Services,1.09592e+10,2.44882e+10,1.5156e+10,,,,,,,,,,,,13.9288,0,negative FCF
SMCI,Information Technology,2.67537e+10,2.32653e+10,4.05615e+09,-6.81817e+09,-0.293062,-0.260595,,,,,0.763429,0.119082,0.141165,0.301893,0.0444512,0,negative FCF
SO,Utilities,9.31151e+10,1.64983e+11,7.2849e+10,-3.466e+09,-0.0210082,-0.0372228,,,,,0.0295205,0.0442045,,-0.0344836,0.0172698,0.0328089,negative FCF
SOLV,Health Care,1.48384e+10,1.95144e+10,5.079e+09,-1.18e+08,-0.00604682,-0.00795234,,,,,,0.106383,0.319034,0.0860072,-0.0288146,0,negative FCF
SRE,Utilities,5.05499e+10,8.24809e+10,3.2725e+10,-4.67501e+09,-0.0566799,-0.115628,,,,,-0.0745315,,,-0.0258549,0.000713201,0.0327004,negative FCF
STZ,Consumer Staples,,,1.01975e+10,2.10967e+09,,,,,,0.0581093,-0.0193785,,0.215549,-0.0393148,,,share count mismatch
V,Financials,,,2.3976e+10,2.16756e+10,,,,,,0.0433045,0.105682,,,-0.00547086,,,financial
VTR,Real Estate,4.30567e+10,5.55456e+10,1.26878e+10,-6.29942e+08,-0.011341,-0.0261671,,,,,0.146683,,,-0.0518841,0.110929,0.0215439,negative FCF
XEL,Utilities,4.36651e+10,7.86021e+10,3.6947e+10,-6.39482e+09,-0.0813569,-0.176159,,,,,,0.0354825,,-0.0291172,0.0604394,0.0312607,negative FCF
